row,col,x,y,land surface temperature
1568,1196,626985.0,3333645.0,323.58905029296875
1560,1224,627825.0,3333885.0,323.35321044921875
694,1028,621945.0,3359865.0,326.4977722167969
596,972,620265.0,3362805.0,323.73944091796875
678,991,620835.0,3360345.0,322.1432189941406
1590,1114,624525.0,3332985.0,324.92889404296875
1643,1137,625215.0,3331395.0,328.442626953125
1304,847,616515.0,3341565.0,324.21795654296875
1264,873,617295.0,3342765.0,324.45379638671875
1533,1437,634215.0,3334695.0,322.9874572753906
1547,1501,636135.0,3334275.0,319.2379150390625
1545,1438,634245.0,3334335.0,319.5045166015625
219,707,612315.0,3374115.0,323.70867919921875
261,738,613245.0,3372855.0,321.2511291503906
1489,717,612615.0,3336015.0,324.03680419921875
1585,707,612315.0,3333135.0,316.61285400390625
1563,706,612285.0,3333795.0,322.7003479003906
378,846,616485.0,3369345.0,323.12420654296875
348,882,617565.0,3370245.0,320.3931884765625
414,837,616215.0,3368265.0,316.67437744140625
1288,243,598395.0,3342045.0,322.9874572753906
1297,247,598515.0,3341775.0,322.1124572753906
840,1029,621975.0,3355485.0,324.45379638671875
832,1002,621165.0,3355725.0,326.3405456542969
898,977,620415.0,3353745.0,323.38055419921875
137,1623,639795.0,3376575.0,325.9064636230469
101,1601,639135.0,3377655.0,321.5860900878906
11,1466,635085.0,3380355.0,325.5885925292969
478,1142,625365.0,3366345.0,325.5099792480469
501,1116,624585.0,3365655.0,324.06414794921875
459,1120,624705.0,3366915.0,322.9806213378906
581,48,592545.0,3363255.0,324.05389404296875
621,16,591585.0,3362055.0,320.7794189453125
841,1232,628065.0,3355455.0,315.49859619140625
856,1251,628635.0,3355005.0,317.5049743652344
1608,1414,633525.0,3332445.0,324.34100341796875
1574,1403,633195.0,3333465.0,323.58563232421875
1639,1427,633915.0,3331515.0,321.7262268066406
309,820,615705.0,3371415.0,321.5860900878906
276,764,614025.0,3372405.0,317.6861267089844
441,895,617955.0,3367455.0,324.35809326171875
402,906,618285.0,3368625.0,321.9107971191406
445,963,619995.0,3367335.0,323.15496826171875
1487,1408,633345.0,3336075.0,320.0274658203125
1587,1357,631815.0,3333075.0,323.44891357421875
1463,1373,632295.0,3336795.0,319.2755126953125
322,1555,637755.0,3371025.0,323.73260498046875
354,1629,639975.0,3370065.0,324.74774169921875
320,1560,637905.0,3371085.0,321.7945861816406
1415,1620,639705.0,3338235.0,322.5978088378906
1432,1662,640965.0,3337725.0,317.0879821777344
1322,1636,640185.0,3341025.0,321.2955627441406
38,1248,628545.0,3379545.0,323.99920654296875
34,1316,630585.0,3379665.0,323.98211669921875
1435,1264,629025.0,3337635.0,321.9689025878906
1435,1224,627825.0,3337635.0,323.30194091796875
1452,1264,629025.0,3337125.0,320.8614501953125
1588,1230,628005.0,3333045.0,322.7208557128906
1516,1175,626355.0,3335205.0,324.05389404296875
1528,1196,626985.0,3334845.0,326.4635925292969
1653,1047,622515.0,3331095.0,323.04901123046875
1656,1014,621525.0,3331005.0,325.9098815917969
1665,977,620415.0,3330735.0,320.8819580078125
636,1073,623295.0,3361605.0,325.9884948730469
655,1015,621555.0,3361035.0,323.93768310546875
686,1015,621555.0,3360105.0,321.4254455566406
1564,1196,626985.0,3333765.0,324.80926513671875
1505,1227,627915.0,3335535.0,321.9039611816406
1596,1223,627795.0,3332805.0,320.9263916015625
818,1258,628845.0,3356145.0,321.7945861816406
835,1210,627405.0,3355635.0,323.28143310546875
340,962,619965.0,3370485.0,325.3869323730469
440,1023,621795.0,3367485.0,322.1842346191406
1048,9,591375.0,3349245.0,321.7193908691406
1021,1537,637215.0,3350055.0,317.9493103027344
1139,1479,635475.0,3346515.0,324.97674560546875
1111,1499,636075.0,3347355.0,326.2140808105469
565,1241,628335.0,3363735.0,322.8370666503906
497,1244,628425.0,3365775.0,324.36492919921875
524,1175,626355.0,3364965.0,323.68133544921875
1398,939,619275.0,3338745.0,325.9748229980469
1351,968,620145.0,3340155.0,323.13104248046875
1405,958,619845.0,3338535.0,324.19744873046875
828,1171,626235.0,3355845.0,325.4928894042969
841,1187,626715.0,3355455.0,322.4610900878906
890,1215,627555.0,3353985.0,320.8409423828125
231,1732,643065.0,3373755.0,322.5875549316406
182,1672,641265.0,3375225.0,319.5626220703125
1585,1535,637155.0,3333135.0,324.07098388671875
1656,1513,636495.0,3331005.0,323.82830810546875
240,1199,627075.0,3373485.0,324.75115966796875
276,1216,627585.0,3372405.0,325.7048034667969
265,1209,627375.0,3372735.0,323.58563232421875
482,968,620145.0,3366225.0,320.6119384765625
579,1000,621105.0,3363315.0,315.63189697265625
468,971,620235.0,3366645.0,317.1050720214844
118,1701,642135.0,3377145.0,321.9518127441406
99,1721,642735.0,3377715.0,323.90008544921875
146,1684,641625.0,3376305.0,323.03533935546875
822,258,598845.0,3356025.0,323.0045471191406
950,280,599505.0,3352185.0,320.0616455078125
889,336,601185.0,3354015.0,320.3043212890625
1575,1345,631455.0,3333435.0,325.9782409667969
1604,1369,632175.0,3332565.0,326.7746276855469
1571,1393,632895.0,3333555.0,319.9454345703125
831,1137,625215.0,3355755.0,322.7789611816406
866,1025,621855.0,3354705.0,323.09344482421875
855,1090,623805.0,3355035.0,323.74969482421875
335,1388,632745.0,3370635.0,323.75311279296875
426,1364,632025.0,3367905.0,321.2237854003906
347,1309,630375.0,3370275.0,320.0992431640625
38,600,609105.0,3379545.0,318.5166931152344
1471,1269,629175.0,3336555.0,324.74774169921875
1521,1290,629805.0,3335055.0,325.1886901855469
1459,1289,629775.0,3336915.0,325.5749206542969
1189,1391,632835.0,3345015.0,326.6925964355469
1220,1388,632745.0,3344085.0,326.0226745605469
1181,1348,631545.0,3345255.0,320.7862548828125
1448,1728,642945.0,3337245.0,320.9708251953125
1464,1716,642585.0,3336765.0,318.4414978027344
1454,1719,642675.0,3337065.0,330.8865051269531
1492,1748,643545.0,3335925.0,316.52398681640625
1502,1777,644415.0,3335625.0,315.61822509765625
1462,1724,642825.0,3336825.0,316.55816650390625
1556,751,613635.0,3334005.0,324.16668701171875
1477,811,615435.0,3336375.0,318.8960876464844
1525,779,614475.0,3334935.0,322.1808166503906
384,1276,629385.0,3369165.0,325.9030456542969
353,1247,628515.0,3370095.0,325.9030456542969
374,1301,630135.0,3369465.0,321.3775939941406
623,1053,622695.0,3361995.0,325.5236511230469
621,1061,622935.0,3362055.0,325.7184753417969
621,1066,623085.0,3362055.0,323.02508544921875
1248,1676,641385.0,3343245.0,318.9542236328125
1297,1698,642045.0,3341775.0,316.05572509765625
1257,1647,640515.0,3342975.0,321.0392150878906
190,715,612555.0,3374985.0,321.3297424316406
191,677,611415.0,3374955.0,320.3043212890625
172,735,613155.0,3375525.0,323.38055419921875
529,1136,625185.0,3364815.0,324.15643310546875
508,1170,626205.0,3365445.0,323.21990966796875
502,1141,625335.0,3365625.0,324.51873779296875
927,1179,626475.0,3352875.0,321.4869689941406
918,1160,625905.0,3353145.0,322.0987854003906
935,1139,625275.0,3352635.0,327.355712890625
1473,1517,636615.0,3336495.0,322.3619689941406
1387,1568,638145.0,3339075.0,323.03192138671875
1205,1036,622185.0,3344535.0,322.2867736816406
1131,1082,623565.0,3346755.0,320.1060791015625
1104,461,604935.0,3347565.0,318.1065368652344
1105,474,605325.0,3347535.0,315.76861572265625
1366,1011,621435.0,3339705.0,314.4629211425781
1460,1063,622995.0,3336885.0,322.9156799316406
1456,1076,623385.0,3337005.0,316.59234619140625
945,1236,628185.0,3352335.0,312.79150390625
964,1222,627765.0,3351765.0,325.6296081542969
868,1189,626775.0,3354645.0,321.1998596191406
420,48,592545.0,3368085.0,318.9405212402344
371,1519,636675.0,3369555.0,324.49822998046875
366,1516,636585.0,3369705.0,324.08123779296875
357,1486,635685.0,3369975.0,324.67596435546875
976,1268,629145.0,3351405.0,313.1196594238281
909,1311,630435.0,3353415.0,319.2105712890625
970,1262,628965.0,3351585.0,320.3043212890625
303,1213,627495.0,3371595.0,321.1383361816406
310,1209,627375.0,3371385.0,318.0039978027344
280,1188,626745.0,3372285.0,327.786376953125
1495,67,593115.0,3335835.0,319.8770751953125
1602,27,591915.0,3332625.0,321.4391174316406
1524,61,592935.0,3334965.0,319.1627197265625
1357,1429,633975.0,3339975.0,326.4601745605469
1349,1450,634605.0,3340215.0,324.49822998046875
1328,1474,635325.0,3340845.0,322.7892150878906
1628,402,603165.0,3331845.0,320.9537353515625
1615,474,605325.0,3332235.0,321.4835510253906
655,1567,638115.0,3361035.0,317.5630798339844
535,1605,639255.0,3364635.0,318.7388610839844
647,1665,641055.0,3361275.0,326.2345886230469
1485,1251,628635.0,3336135.0,321.9107971191406
1464,1213,627495.0,3336765.0,325.5851745605469
704,1220,627705.0,3359565.0,323.52410888671875
683,1197,627015.0,3360195.0,321.7125549316406
710,1155,625755.0,3359385.0,320.9639892578125
851,1549,637575.0,3355155.0,317.2725524902344
778,1572,638265.0,3357345.0,322.3551330566406
785,1636,640185.0,3357135.0,312.8838195800781
1596,256,598785.0,3332805.0,321.8390197753906
1581,327,600915.0,3333255.0,321.6920471191406
1493,245,598455.0,3335895.0,319.6070556640625
225,824,615825.0,3373935.0,324.81951904296875
192,785,614655.0,3374925.0,323.37371826171875
234,804,615225.0,3373665.0,323.57537841796875
1603,1549,637575.0,3332595.0,323.46258544921875
1605,1553,637695.0,3332535.0,319.7403564453125
1618,482,605565.0,3332145.0,319.9317626953125
1066,1656,640785.0,3348705.0,321.8492736816406
1032,1584,638625.0,3349725.0,311.53369140625
1094,1618,639645.0,3347865.0,324.77166748046875
1307,1133,625095.0,3341475.0,324.47088623046875
1234,1106,624285.0,3343665.0,321.1349182128906
1272,1113,624495.0,3342525.0,322.8575744628906
711,978,620445.0,3359355.0,322.6900939941406
777,973,620295.0,3357375.0,319.1524658203125
720,1024,621825.0,3359085.0,327.943603515625
1595,580,608505.0,3332835.0,320.4957275390625
1597,600,609105.0,3332775.0,320.7589111328125
1568,534,607125.0,3333645.0,315.31060791015625
305,1579,638475.0,3371535.0,319.5079345703125
294,1602,639165.0,3371865.0,319.5113525390625
252,1578,638445.0,3373125.0,321.3981018066406
1530,1510,636405.0,3334785.0,324.95623779296875
1527,1540,637305.0,3334875.0,323.44207763671875
1510,1473,635295.0,3335385.0,321.2135314941406
182,1193,626895.0,3375225.0,323.32928466796875
268,1256,628785.0,3372645.0,323.70184326171875
258,1205,627255.0,3372945.0,323.61981201171875
169,1757,643815.0,3375615.0,324.09149169921875
185,1746,643485.0,3375135.0,322.3038635253906
183,1709,642375.0,3375195.0,315.08160400390625
28,1309,630375.0,3379845.0,323.74627685546875
8,1302,630165.0,3380445.0,322.2901916503906
453,1404,633225.0,3367095.0,323.18914794921875
448,1358,631845.0,3367245.0,323.82830810546875
428,1336,631185.0,3367845.0,322.7413635253906
1286,1118,624645.0,3342105.0,322.1363830566406
1313,1119,624675.0,3341295.0,321.4801330566406
1292,1141,625335.0,3341925.0,326.8053894042969
1222,497,606015.0,3344025.0,318.6397399902344
1232,515,606555.0,3343725.0,320.0650634765625
1137,534,607125.0,3346575.0,320.4854736328125
119,1631,640035.0,3377115.0,324.05389404296875
129,1539,637275.0,3376815.0,321.8287658691406
193,1574,638325.0,3374895.0,317.0367126464844
192,1237,628215.0,3374925.0,324.28289794921875
219,1301,630135.0,3374115.0,324.69647216796875
199,1264,629025.0,3374715.0,325.4997253417969
1327,861,616935.0,3340875.0,324.18377685546875
1367,846,616485.0,3339675.0,320.7691650390625
1321,928,618945.0,3341055.0,326.7882995605469
194,1331,631035.0,3374865.0,315.20806884765625
252,1339,631275.0,3373125.0,324.73748779296875
233,1333,631095.0,3373695.0,323.90692138671875
1084,149,595575.0,3348165.0,321.4015197753906
1080,80,593505.0,3348285.0,323.21990966796875
138,1725,642855.0,3376545.0,320.2769775390625
217,1709,642375.0,3374175.0,321.4869689941406
1517,266,599085.0,3335175.0,321.6407775878906
1515,239,598275.0,3335235.0,321.7467346191406
1570,282,599565.0,3333585.0,317.3169860839844
400,899,618075.0,3368685.0,321.8390197753906
340,897,618015.0,3370485.0,321.5553283691406
1520,707,612315.0,3335085.0,324.28973388671875
1497,682,611565.0,3335775.0,323.75653076171875
1462,687,611715.0,3336825.0,325.9167175292969
283,720,612705.0,3372195.0,324.59051513671875
342,759,613875.0,3370425.0,324.18719482421875
285,747,613515.0,3372135.0,322.4542541503906
1217,992,620865.0,3344175.0,326.7917175292969
1163,970,620205.0,3345795.0,324.07781982421875
1191,1016,621585.0,3344955.0,328.340087890625
673,1127,624915.0,3360495.0,324.22479248046875
672,1072,623265.0,3360525.0,324.85369873046875
708,1101,624135.0,3359445.0,328.247802734375
311,1406,633285.0,3371355.0,324.02996826171875
334,1400,633105.0,3370665.0,317.8023376464844
287,1376,632385.0,3372075.0,322.2115783691406
1079,985,620655.0,3348315.0,321.7740783691406
1086,1000,621105.0,3348105.0,318.0245056152344
1089,978,620445.0,3348015.0,325.1100769042969
15,1318,630645.0,3380235.0,323.0148010253906
33,1380,632505.0,3379695.0,321.2579650878906
642,1140,625305.0,3361425.0,324.85028076171875
621,1129,624975.0,3362055.0,324.81951904296875
606,1159,625875.0,3362505.0,323.22332763671875
488,1401,633135.0,3366045.0,320.3760986328125
447,1436,634185.0,3367275.0,320.0889892578125
402,1403,633195.0,3368625.0,322.0406799316406
1226,1113,624495.0,3343905.0,322.9806213378906
1239,1011,621435.0,3343515.0,326.6652526855469
1201,1111,624435.0,3344655.0,322.2901916503906
789,1468,635145.0,3357015.0,319.8804931640625
1611,1044,622425.0,3332355.0,326.0705261230469
1627,1001,621135.0,3331875.0,326.5763854980469
1630,1119,624675.0,3331785.0,324.09149169921875
793,1624,639825.0,3356895.0,316.29840087890625
715,1637,640215.0,3359235.0,321.6954650878906
742,1639,640275.0,3358425.0,324.32049560546875
1020,910,618405.0,3350085.0,320.1573486328125
1453,57,592815.0,3337095.0,318.1680603027344
1431,110,594405.0,3337755.0,317.7339782714844
1530,1598,639045.0,3334785.0,327.400146484375
1526,1578,638445.0,3334905.0,322.5397033691406
1477,1547,637515.0,3336375.0,322.2184143066406
1516,1559,637875.0,3335205.0,324.10174560546875
1521,1547,637515.0,3335055.0,320.9332275390625
1585,1566,638085.0,3333135.0,321.0289611816406
269,723,612795.0,3372615.0,321.7774963378906
314,807,615315.0,3371265.0,321.7091369628906
312,769,614175.0,3371325.0,323.19598388671875
1338,1235,628155.0,3340545.0,327.526611328125
1284,1281,629535.0,3342165.0,327.369384765625
1279,1304,630225.0,3342315.0,318.9918212890625
1391,1415,633555.0,3338955.0,326.9181823730469
1392,1377,632415.0,3338925.0,329.1262512207031
1473,1392,632865.0,3336495.0,324.09832763671875
1457,1545,637455.0,3336975.0,322.5636291503906
1497,1514,636525.0,3335775.0,322.4371643066406
1382,1569,638175.0,3339225.0,325.4416198730469
336,1433,634095.0,3370605.0,325.0861511230469
339,1469,635175.0,3370515.0,323.33953857421875
307,1493,635895.0,3371475.0,321.5929260253906
827,1249,628575.0,3355875.0,320.1710205078125
825,1305,630255.0,3355935.0,317.9253845214844
600,1046,622485.0,3362685.0,324.41278076171875
586,1041,622335.0,3363105.0,324.13934326171875
583,1061,622935.0,3363195.0,324.02313232421875
1144,471,605235.0,3346365.0,319.4053955078125
1197,425,603855.0,3344775.0,315.26959228515625
1123,488,605745.0,3346995.0,320.7725830078125
878,1064,623025.0,3354345.0,322.3038635253906
837,1080,623505.0,3355575.0,323.23358154296875
792,1111,624435.0,3356925.0,327.0890808105469
1625,534,607125.0,3331935.0,320.0274658203125
1651,524,606825.0,3331155.0,324.19403076171875
1545,1153,625695.0,3334335.0,321.7091369628906
1532,1109,624375.0,3334725.0,320.5982666015625
1435,1132,625065.0,3337635.0,320.4615478515625
1082,1050,622605.0,3348225.0,324.59051513671875
1068,1133,625095.0,3348645.0,324.25213623046875
1007,1109,624375.0,3350475.0,322.4200744628906
1500,1620,639705.0,3335685.0,322.0167541503906
1511,1610,639405.0,3335355.0,316.9888610839844
1455,1576,638385.0,3337035.0,316.04888916015625
1465,863,616995.0,3336735.0,319.8907470703125
1483,965,620055.0,3336195.0,323.43524169921875
1468,897,618015.0,3336645.0,322.2047424316406
638,1640,640305.0,3361545.0,323.0011291503906
644,1603,639195.0,3361365.0,317.6416931152344
637,1639,640275.0,3361575.0,323.0148010253906
1658,1058,622845.0,3330945.0,321.0768127441406
1659,1084,623625.0,3330915.0,326.3952331542969
1661,1042,622365.0,3330855.0,327.277099609375
480,1284,629625.0,3366285.0,324.76824951171875
461,1316,630585.0,3366855.0,324.19744873046875
461,1308,630345.0,3366855.0,322.3380432128906
106,1473,635295.0,3377505.0,323.38397216796875
135,1493,635895.0,3376635.0,324.92205810546875
46,1521,636735.0,3379305.0,323.24383544921875
1325,1294,629925.0,3340935.0,327.803466796875
1336,1296,629985.0,3340605.0,329.074951171875
1286,1289,629775.0,3342105.0,325.2194519042969
229,772,614265.0,3373815.0,319.9556884765625
179,837,616215.0,3375315.0,317.7168884277344
159,803,615195.0,3375915.0,322.9430236816406
628,1306,630285.0,3361845.0,321.2853088378906
625,1297,630015.0,3361935.0,323.57537841796875
627,1297,630015.0,3361875.0,322.4132385253906
587,86,593685.0,3363075.0,319.7813720703125
600,53,592695.0,3362685.0,328.035888671875
1285,1371,632235.0,3342135.0,321.5929260253906
1276,1300,630105.0,3342405.0,322.3995666503906
1221,1317,630615.0,3344055.0,324.03680419921875
1164,1518,636645.0,3345765.0,324.39569091796875
1108,1476,635385.0,3347445.0,322.9703674316406
1094,1545,637455.0,3347865.0,317.1802673339844
371,1471,635235.0,3369555.0,322.6730041503906
351,1475,635355.0,3370155.0,324.27606201171875
423,1468,635145.0,3367995.0,322.3619689941406
361,1499,636075.0,3369855.0,320.8341064453125
360,1526,636885.0,3369885.0,323.94451904296875
357,1513,636495.0,3369975.0,324.97674560546875
1206,690,611805.0,3344505.0,316.75299072265625
1235,697,612015.0,3343635.0,320.7144775390625
1230,732,613065.0,3343785.0,318.7012634277344
1365,1249,628575.0,3339735.0,325.6330261230469
1346,1238,628245.0,3340305.0,331.34796142578125
1355,1168,626145.0,3340035.0,320.6153564453125
269,711,612435.0,3372615.0,322.0406799316406
268,753,613695.0,3372645.0,320.8887939453125
255,1756,643785.0,3373035.0,320.1334228515625
180,1738,643245.0,3375285.0,323.44207763671875
193,1695,641955.0,3374895.0,318.7183532714844
353,1727,642915.0,3370095.0,324.48455810546875
1109,1559,637875.0,3347415.0,320.7281494140625
1101,1545,637455.0,3347655.0,317.1426696777344
293,1348,631545.0,3371895.0,324.16326904296875
280,1304,630225.0,3372285.0,325.4757995605469
336,1295,629955.0,3370605.0,319.1046142578125
1583,1050,622605.0,3333195.0,324.58026123046875
1552,1059,622875.0,3334125.0,320.6837158203125
1643,1023,621795.0,3331395.0,325.4655456542969
1036,173,596295.0,3349605.0,320.1470947265625
1029,84,593625.0,3349815.0,320.8853759765625
1069,169,596175.0,3348615.0,315.25250244140625
1243,245,598455.0,3343395.0,316.77008056640625
1270,327,600915.0,3342585.0,319.2857666015625
1441,64,593025.0,3337455.0,316.79742431640625
1375,101,594135.0,3339435.0,320.4991455078125
1462,66,593085.0,3336825.0,323.21307373046875
1252,1163,625995.0,3343125.0,321.6065979003906
1343,1141,625335.0,3340395.0,318.6670837402344
1263,1167,626115.0,3342795.0,321.7193908691406
1312,245,598455.0,3341325.0,319.8223876953125
1394,290,599805.0,3338865.0,317.6485290527344
495,1612,639465.0,3365835.0,315.12261962890625
547,1585,638655.0,3364275.0,318.4517517089844
109,675,611355.0,3377415.0,323.94110107421875
107,703,612195.0,3377475.0,319.8052978515625
45,663,610995.0,3379335.0,322.2936096191406
1395,791,614835.0,3338835.0,325.2707214355469
1354,776,614385.0,3340065.0,322.9942932128906
1405,772,614265.0,3338535.0,321.9518127441406
1279,1301,630135.0,3342315.0,319.8018798828125
1318,1278,629445.0,3341145.0,324.55975341796875
1298,1262,628965.0,3341745.0,324.46746826171875
1565,957,619815.0,3333735.0,322.0885314941406
1582,893,617895.0,3333225.0,321.0152893066406
1529,931,619035.0,3334815.0,325.7594909667969
257,910,618405.0,3372975.0,322.1466369628906
337,907,618315.0,3370575.0,321.9962463378906
359,924,618825.0,3369915.0,322.0782775878906
872,1208,627345.0,3354525.0,320.7896728515625
879,1261,628935.0,3354315.0,320.9503173828125
336,1212,627465.0,3370605.0,325.5578308105469
348,1157,625815.0,3370245.0,323.97869873046875
370,1165,626055.0,3369585.0,324.55291748046875
265,1601,639135.0,3372735.0,324.38885498046875
288,1655,640755.0,3372045.0,319.4600830078125
1539,1535,637155.0,3334515.0,324.88446044921875
1550,1473,635295.0,3334185.0,318.4893493652344
1585,1451,634635.0,3333135.0,324.69647216796875
1142,1660,640905.0,3346425.0,325.01776123046875
1079,1578,638445.0,3348315.0,316.59234619140625
1122,1617,639615.0,3347025.0,327.605224609375
706,1051,622635.0,3359505.0,322.6456604003906
625,970,620205.0,3361935.0,318.3287048339844
678,1010,621405.0,3360345.0,321.1964416503906
1525,166,596085.0,3334935.0,323.34979248046875
1478,215,597555.0,3336345.0,318.9713134765625
1490,221,597735.0,3335985.0,320.6973876953125
1025,1068,623145.0,3349935.0,323.72235107421875
1092,1058,622845.0,3347925.0,324.01287841796875
1057,1076,623385.0,3348975.0,322.5807189941406
1593,1210,627405.0,3332895.0,327.888916015625
1527,1212,627465.0,3334875.0,322.7242736816406
1570,1244,628425.0,3333585.0,320.0924072265625
1188,1611,639435.0,3345045.0,324.77850341796875
1203,1629,639975.0,3344595.0,312.44970703125
1167,1690,641805.0,3345675.0,321.0597229003906
1175,1163,625995.0,3345435.0,322.4234924316406
1215,1118,624645.0,3344235.0,323.27801513671875
1206,1126,624885.0,3344505.0,323.25067138671875
1589,1483,635595.0,3333015.0,326.7677917480469
1573,1511,636435.0,3333495.0,328.285400390625
1580,1488,635745.0,3333285.0,326.5251159667969
273,1647,640515.0,3372495.0,319.8155517578125
280,1661,640935.0,3372285.0,322.8644104003906
324,1711,642435.0,3370965.0,318.2842712402344
781,1354,631725.0,3357255.0,321.9586486816406
746,1344,631425.0,3358305.0,320.2325439453125
738,1360,631905.0,3358545.0,321.4596252441406
350,1578,638445.0,3370185.0,325.4108581542969
319,1516,636585.0,3371115.0,321.1485900878906
410,1556,637785.0,3368385.0,324.96307373046875
210,1140,625305.0,3374385.0,323.68133544921875
256,1110,624405.0,3373005.0,323.20623779296875
168,1102,624165.0,3375645.0,320.4649658203125
1127,931,619035.0,3346875.0,321.4869689941406
1127,956,619785.0,3346875.0,319.5250244140625
1142,927,618915.0,3346425.0,322.4781799316406
438,915,618555.0,3367545.0,322.2047424316406
451,925,618855.0,3367155.0,320.7725830078125
446,901,618135.0,3367305.0,323.95819091796875
1348,1714,642525.0,3340245.0,321.8287658691406
1358,1754,643725.0,3339945.0,326.7677917480469
1335,1728,642945.0,3340635.0,319.8018798828125
1053,1601,639135.0,3349095.0,313.5400695800781
1102,1555,637755.0,3347625.0,318.5747985839844
1101,1618,639645.0,3347655.0,326.5695495605469
263,1270,629205.0,3372795.0,324.10516357421875
328,1329,630975.0,3370845.0,325.5817565917969
285,1340,631305.0,3372135.0,325.02801513671875
411,1249,628575.0,3368355.0,326.1252136230469
394,1198,627045.0,3368865.0,326.1764831542969
50,1760,643905.0,3379185.0,322.8199768066406
28,1733,643095.0,3379845.0,327.683837890625
38,1686,641685.0,3379545.0,324.34100341796875
669,968,620145.0,3360615.0,321.6373596191406
695,993,620895.0,3359835.0,326.4054870605469
697,1019,621675.0,3359775.0,323.74969482421875
1055,1146,625485.0,3349035.0,323.98895263671875
1079,1195,626955.0,3348315.0,324.62469482421875
1011,1127,624915.0,3350355.0,324.56658935546875
422,1500,636105.0,3368025.0,323.43524169921875
474,1494,635925.0,3366465.0,321.7262268066406
405,1487,635715.0,3368535.0,323.14129638671875
1481,1220,627705.0,3336255.0,321.3946838378906
1499,1223,627795.0,3335715.0,323.20281982421875
1287,1393,632895.0,3342075.0,314.7739562988281
1230,1415,633555.0,3343785.0,319.2310791015625
1225,1353,631695.0,3343935.0,324.59393310546875
13,1495,635955.0,3380295.0,317.7715759277344
72,1451,634635.0,3378525.0,317.9048767089844
92,1421,633735.0,3377925.0,317.9800720214844
1238,374,602325.0,3343545.0,321.1930236816406
1212,444,604425.0,3344325.0,318.1509704589844
1286,1199,627075.0,3342105.0,325.2775573730469
1243,1278,629445.0,3343395.0,323.57537841796875
1429,1738,643245.0,3337815.0,318.2022399902344
1421,1757,643815.0,3338055.0,315.63531494140625
1507,1775,644355.0,3335475.0,314.7671203613281
553,1683,641595.0,3364095.0,320.4273681640625
575,1682,641565.0,3363435.0,321.5895080566406
526,1632,640065.0,3364905.0,317.9629821777344
254,1683,641595.0,3373065.0,317.3477478027344
298,1718,642645.0,3371745.0,319.2686767578125
268,1712,642465.0,3372645.0,322.2901916503906
1482,1687,641715.0,3336225.0,327.359130859375
1557,1724,642825.0,3333975.0,316.42486572265625
222,1217,627615.0,3374025.0,324.98358154296875
232,1234,628125.0,3373725.0,324.07098388671875
171,1227,627915.0,3375555.0,320.2052001953125
273,785,614655.0,3372495.0,323.80780029296875
229,762,613965.0,3373815.0,323.59246826171875
1127,1199,627075.0,3346875.0,317.2007751464844
1054,1131,625035.0,3349065.0,319.3677978515625
1101,1187,626715.0,3347655.0,324.05047607421875
389,1128,624945.0,3369015.0,323.97186279296875
409,1082,623565.0,3368415.0,322.3141174316406
337,1086,623685.0,3370575.0,321.4356994628906
855,1577,638415.0,3355035.0,317.5357360839844
885,1535,637155.0,3354135.0,316.00787353515625
866,1520,636705.0,3354705.0,314.2578430175781
1563,1448,634545.0,3333795.0,324.78533935546875
1623,1528,636945.0,3331995.0,323.03533935546875
1653,1535,637155.0,3331095.0,322.1637268066406
1661,694,611925.0,3330855.0,321.8663635253906
1671,641,610335.0,3330555.0,323.57537841796875
1544,1266,629085.0,3334365.0,322.1568908691406
1444,1331,631035.0,3337365.0,325.2467956542969
1509,1281,629535.0,3335415.0,323.58905029296875
399,1291,629835.0,3368715.0,321.9278869628906
462,1225,627855.0,3366825.0,321.4596252441406
510,1331,631035.0,3365385.0,327.745361328125
1272,775,614355.0,3342525.0,320.1470947265625
1265,762,613965.0,3342735.0,322.9054260253906
1266,766,614085.0,3342705.0,322.8370666503906
1198,1099,624075.0,3344745.0,322.5362854003906
1186,1199,627075.0,3345105.0,319.2584228515625
1165,1157,625815.0,3345735.0,322.8815002441406
846,1029,621975.0,3355305.0,321.8663635253906
759,1008,621345.0,3357915.0,323.31219482421875
789,993,620895.0,3357015.0,321.8731994628906
1665,437,604215.0,3330735.0,326.3371276855469
1630,424,603825.0,3331785.0,322.1329650878906
778,1456,634785.0,3357345.0,316.9136657714844
787,1485,635655.0,3357075.0,320.5401611328125
590,1688,641745.0,3362985.0,321.9552307128906
604,1699,642075.0,3362565.0,318.7080993652344
653,1715,642555.0,3361095.0,319.9556884765625
1431,1089,623775.0,3337755.0,314.4048156738281
1424,1179,626475.0,3337965.0,324.92547607421875
1396,1121,624735.0,3338805.0,320.8067626953125
169,1090,623805.0,3375615.0,318.4756774902344
210,1049,622575.0,3374385.0,320.5606689453125
268,1047,622515.0,3372645.0,320.2427978515625
1391,1011,621435.0,3338955.0,315.15679931640625
1322,987,620715.0,3341025.0,324.75457763671875
1292,1049,622575.0,3341925.0,316.41119384765625
158,1518,636645.0,3375945.0,321.5929260253906
137,1486,635685.0,3376575.0,322.3106994628906
189,1513,636495.0,3375015.0,324.23162841796875
61,720,612705.0,3378855.0,320.1949462890625
112,691,611835.0,3377325.0,325.3459167480469
160,712,612465.0,3375885.0,322.3824768066406
1017,1374,632325.0,3350175.0,319.0533447265625
975,1388,632745.0,3351435.0,318.5611267089844
979,1405,633255.0,3351315.0,313.6460266113281
46,1257,628815.0,3379305.0,324.08465576171875
133,1250,628605.0,3376695.0,315.67633056640625
81,1184,626625.0,3378255.0,322.5567932128906
1263,1028,621945.0,3342795.0,325.8927917480469
1306,1033,622095.0,3341505.0,323.42840576171875
1312,1041,622335.0,3341325.0,324.74090576171875
1635,1403,633195.0,3331635.0,325.3151550292969
1658,1410,633405.0,3330945.0,325.9645690917969
1637,1406,633285.0,3331575.0,324.56658935546875
143,1445,634455.0,3376395.0,316.90338134765625
164,1428,633945.0,3375765.0,323.95819091796875
176,1418,633645.0,3375405.0,322.4542541503906
69,591,608835.0,3378615.0,322.7960510253906
34,655,610755.0,3379665.0,321.6100158691406
1450,356,601785.0,3337185.0,318.7115173339844
1499,282,599565.0,3335715.0,317.2828063964844
1101,540,607305.0,3347655.0,322.4952697753906
1156,481,605535.0,3346005.0,323.18572998046875
1065,459,604875.0,3348735.0,316.75299072265625
1095,527,606915.0,3347835.0,321.1383361816406
1031,455,604755.0,3349755.0,318.3321228027344
1142,1525,636855.0,3346425.0,327.885498046875
1173,1462,634965.0,3345495.0,324.44696044921875
1164,1513,636495.0,3345765.0,323.56512451171875
1244,1062,622965.0,3343365.0,324.15301513671875
1205,1089,623775.0,3344535.0,321.0152893066406
1260,1041,622335.0,3342885.0,326.1423034667969
1502,68,593145.0,3335625.0,321.6647033691406
1452,173,596295.0,3337125.0,322.2389221191406
1498,92,593865.0,3335745.0,321.2887268066406
1139,859,616875.0,3346515.0,320.4068603515625
1138,852,616665.0,3346545.0,316.03521728515625
1119,877,617415.0,3347115.0,318.8755798339844
1388,1605,639255.0,3339045.0,319.5045166015625
1371,1631,640035.0,3339555.0,322.3688049316406
1337,1617,639615.0,3340575.0,322.2218322753906
1449,700,612105.0,3337215.0,324.75457763671875
1389,691,611835.0,3339015.0,322.5055236816406
1347,723,612795.0,3340275.0,321.5348205566406
512,985,620655.0,3365325.0,323.75994873046875
563,1093,623895.0,3363795.0,322.3824768066406
1667,400,603105.0,3330675.0,326.6584167480469
1624,454,604725.0,3331965.0,324.10858154296875
1636,503,606195.0,3331605.0,325.00408935546875
1232,687,611715.0,3343725.0,319.9317626953125
1169,686,611685.0,3345615.0,324.29998779296875
175,1511,636435.0,3375435.0,321.9244689941406
177,1603,639195.0,3375375.0,319.7130126953125
232,1513,636495.0,3373725.0,319.2276611328125
787,1327,630915.0,3357075.0,320.1163330078125
768,1355,631755.0,3357645.0,320.5128173828125
695,231,598035.0,3359835.0,318.3663024902344
715,156,595785.0,3359235.0,318.1817321777344
717,288,599745.0,3359175.0,317.0367126464844
1643,1253,628695.0,3331395.0,328.982666015625
1583,1256,628785.0,3333195.0,324.02655029296875
1638,1284,629625.0,3331545.0,329.3825988769531
956,1115,624555.0,3352005.0,323.02508544921875
947,1202,627165.0,3352275.0,321.7774963378906
964,1133,625095.0,3351765.0,322.1432189941406
178,1345,631455.0,3375345.0,322.6422424316406
114,1369,632175.0,3377265.0,320.1368408203125
196,1348,631545.0,3374805.0,324.80926513671875
1449,1771,644235.0,3337215.0,325.2502136230469
1446,1736,643185.0,3337305.0,316.39752197265625
1439,1766,644085.0,3337515.0,319.4737548828125
408,1486,635685.0,3368445.0,323.85906982421875
430,1497,636015.0,3367785.0,323.42498779296875
441,1461,634935.0,3367455.0,321.7911682128906
441,1394,632925.0,3367455.0,322.7379455566406
454,1401,633135.0,3367065.0,323.29510498046875
471,1450,634605.0,3366555.0,321.7057189941406
198,1620,639705.0,3374745.0,321.4356994628906
164,1675,641355.0,3375765.0,324.15985107421875
111,1633,640095.0,3377355.0,321.6954650878906
1247,1202,627165.0,3343275.0,325.8859558105469
1272,1221,627735.0,3342525.0,324.32391357421875
1255,1151,625635.0,3343035.0,324.47088623046875
1390,732,613065.0,3338985.0,324.71014404296875
1369,724,612825.0,3339615.0,319.0054931640625
1389,732,613065.0,3339015.0,324.48797607421875
189,1310,630405.0,3375015.0,321.3160705566406
216,1256,628785.0,3374205.0,325.7731628417969
203,1258,628845.0,3374595.0,324.49139404296875
583,22,591765.0,3363195.0,318.2535095214844
596,45,592455.0,3362805.0,325.9269714355469
522,1447,634515.0,3365025.0,318.5337829589844
545,1432,634065.0,3364335.0,318.7183532714844
525,1431,634035.0,3364935.0,322.8609924316406
926,57,592815.0,3352905.0,320.1505126953125
901,57,592815.0,3353655.0,314.3091125488281
906,60,592905.0,3353505.0,315.41314697265625
257,1261,628935.0,3372975.0,324.59735107421875
204,1181,626535.0,3374565.0,323.76336669921875
172,1278,629445.0,3375525.0,323.92742919921875
1499,1493,635895.0,3335715.0,321.6305236816406
1540,1476,635385.0,3334485.0,324.17010498046875
1555,1485,635655.0,3334035.0,324.94256591796875
1481,1100,624105.0,3336255.0,326.4704284667969
1446,1102,624165.0,3337305.0,316.07281494140625
1459,1137,625215.0,3336915.0,322.4610900878906
1582,1521,636735.0,3333225.0,324.96990966796875
1650,1530,637005.0,3331185.0,323.66424560546875
1617,1517,636615.0,3332175.0,325.3766784667969
1305,1440,634305.0,3341535.0,316.25396728515625
1336,1373,632295.0,3340605.0,319.8360595703125
259,1566,638085.0,3372915.0,323.73260498046875
296,1578,638445.0,3371805.0,319.0089111328125
235,1598,639045.0,3373635.0,321.7467346191406
750,1193,626895.0,3358185.0,322.1739807128906
716,1217,627615.0,3359205.0,325.0588073730469
707,1249,628575.0,3359475.0,327.752197265625
941,28,591945.0,3352455.0,321.8731994628906
968,35,592155.0,3351645.0,321.9039611816406
927,57,592815.0,3352875.0,319.9454345703125
733,130,595005.0,3358695.0,321.6817932128906
1408,1121,624735.0,3338445.0,317.2349548339844
1455,1134,625125.0,3337035.0,321.3023986816406
1437,1147,625515.0,3337575.0,325.1510925292969
686,1198,627045.0,3360105.0,321.5108947753906
714,1215,627555.0,3359265.0,325.3390808105469
687,1149,625575.0,3360075.0,324.24188232421875
384,1115,624555.0,3369165.0,325.6364440917969
359,1148,625545.0,3369915.0,322.1363830566406
807,1083,623595.0,3356475.0,320.3658447265625
796,1073,623295.0,3356805.0,324.87078857421875
1614,96,593985.0,3332265.0,320.8751220703125
1612,132,595065.0,3332325.0,320.8819580078125
1595,126,594885.0,3332835.0,323.27117919921875
1217,1715,642555.0,3344175.0,315.18072509765625
1284,1707,642315.0,3342165.0,327.0343933105469
1292,1375,632355.0,3341925.0,324.82635498046875
1369,1318,630645.0,3339615.0,316.9375915527344
1266,1313,630495.0,3342705.0,315.42340087890625
1617,1069,623175.0,3332175.0,324.29315185546875
1559,1104,624225.0,3333915.0,322.0338439941406
1560,1088,623745.0,3333885.0,320.8443603515625
1412,1477,635415.0,3338325.0,320.5435791015625
1368,1475,635355.0,3339645.0,327.974365234375
1318,1426,633885.0,3341145.0,317.7579040527344
54,1467,635115.0,3379065.0,322.1398010253906
21,1420,633705.0,3380055.0,320.5367431640625
1570,596,608985.0,3333585.0,321.3912658691406
1494,648,610545.0,3335865.0,321.3639221191406
1520,603,609195.0,3335085.0,320.4888916015625
512,1462,634965.0,3365325.0,320.1163330078125
501,1496,635985.0,3365655.0,320.0924072265625
493,1481,635535.0,3365895.0,321.2579650878906
92,713,612495.0,3377925.0,323.57537841796875
123,795,614955.0,3376995.0,320.9263916015625
54,774,614325.0,3379065.0,319.6788330078125
1630,439,604275.0,3331785.0,322.2560119628906
1644,433,604095.0,3331365.0,320.6871337890625
1670,418,603645.0,3330585.0,325.8791198730469
71,1654,640725.0,3378555.0,323.80780029296875
122,1685,641655.0,3377025.0,327.167724609375
84,1675,641355.0,3378165.0,324.61444091796875
1061,119,594675.0,3348855.0,320.1163330078125
1063,88,593745.0,3348795.0,322.0748596191406
114,1720,642705.0,3377265.0,323.72918701171875
42,1748,643545.0,3379425.0,327.523193359375
7,1675,641355.0,3380475.0,323.26776123046875
120,1630,640005.0,3377085.0,323.82489013671875
77,1636,640185.0,3378375.0,324.79901123046875
87,1592,638865.0,3378075.0,317.8980407714844
1600,1029,621975.0,3332685.0,323.24383544921875
1605,992,620865.0,3332535.0,323.79754638671875
1623,993,620895.0,3331995.0,321.1964416503906
1455,1055,622755.0,3337035.0,324.65545654296875
1485,1127,624915.0,3336135.0,322.4576721191406
1414,1130,625005.0,3338265.0,322.9942932128906
257,1675,641355.0,3372975.0,320.5606689453125
244,1628,639945.0,3373365.0,320.5469970703125
270,1594,638925.0,3372585.0,323.56170654296875
1469,302,600165.0,3336615.0,316.42486572265625
1546,334,601125.0,3334305.0,318.9747314453125
434,1013,621495.0,3367665.0,320.5401611328125
426,1017,621615.0,3367905.0,323.56170654296875
413,1044,622425.0,3368295.0,314.4800109863281
439,1494,635925.0,3367515.0,321.8082580566406
495,1473,635295.0,3365835.0,323.99237060546875
465,1476,635385.0,3366735.0,320.8409423828125
579,1075,623355.0,3363315.0,324.23846435546875
530,1041,622335.0,3364785.0,320.8101806640625
604,1068,623145.0,3362565.0,323.28143310546875
11,1669,641175.0,3380355.0,324.20086669921875
28,1621,639735.0,3379845.0,323.74627685546875
73,1649,640575.0,3378495.0,320.2222900390625
472,1479,635475.0,3366525.0,321.8800354003906
487,1484,635625.0,3366075.0,323.79412841796875
501,1518,636645.0,3365655.0,318.2056579589844
900,1166,626085.0,3353685.0,321.7911682128906
937,1174,626325.0,3352575.0,324.48797607421875
1513,804,615225.0,3335295.0,324.91864013671875
1553,758,613845.0,3334095.0,318.6089782714844
1529,793,614895.0,3334815.0,324.22479248046875
1564,1178,626445.0,3333765.0,324.48114013671875
1544,1104,624225.0,3334365.0,323.14471435546875
1496,1136,625185.0,3335805.0,317.1973571777344
1554,691,611835.0,3334065.0,319.2789306640625
1596,605,609255.0,3332805.0,320.0616455078125
1611,662,610965.0,3332355.0,314.2510070800781
306,1492,635865.0,3371505.0,321.6647033691406
315,1478,635445.0,3371235.0,325.7629089355469
344,1505,636255.0,3370365.0,326.0055847167969
1256,1140,625305.0,3343005.0,317.9390563964844
1166,1204,627225.0,3345705.0,316.40093994140625
1219,1152,625665.0,3344115.0,327.225830078125
32,825,615855.0,3379725.0,320.7965087890625
12,853,616695.0,3380325.0,316.42144775390625
84,835,616155.0,3378165.0,320.5093994140625
1500,683,611595.0,3335685.0,325.1066589355469
1539,710,612405.0,3334515.0,319.2447509765625
1484,688,611745.0,3336165.0,326.7336120605469
396,1389,632775.0,3368805.0,318.7832946777344
414,1343,631395.0,3368265.0,320.2564697265625
447,1395,632955.0,3367275.0,323.75653076171875
308,931,619035.0,3371445.0,321.7330627441406
256,946,619485.0,3373005.0,321.9449768066406
196,959,619875.0,3374805.0,323.99578857421875
1438,1319,630675.0,3337545.0,322.5465393066406
1443,1351,631635.0,3337395.0,326.7472839355469
1409,1321,630735.0,3338415.0,320.2564697265625
344,1217,627615.0,3370365.0,323.74285888671875
377,1230,628005.0,3369375.0,323.99237060546875
365,1180,626505.0,3369735.0,324.65203857421875
796,1687,641715.0,3356805.0,320.3726806640625
744,1727,642915.0,3358365.0,320.1846923828125
1387,1641,640335.0,3339075.0,322.3653869628906
1297,1623,639795.0,3341775.0,321.8561096191406
1387,1662,640965.0,3339075.0,316.05914306640625
169,1024,621825.0,3375615.0,323.85906982421875
146,1036,622185.0,3376305.0,322.7174377441406
220,944,619425.0,3374085.0,322.1295471191406
1202,933,619095.0,3344625.0,323.15838623046875
1207,1031,622035.0,3344475.0,319.1148681640625
1175,1021,621735.0,3345435.0,324.98016357421875
1435,987,620715.0,3337635.0,314.2407531738281
1454,1046,622485.0,3337065.0,326.1628112792969
1516,963,619995.0,3335205.0,322.1979064941406
1587,1037,622215.0,3333075.0,323.23358154296875
1641,1086,623685.0,3331455.0,325.5749206542969
1267,1655,640755.0,3342675.0,322.4781799316406
1308,1661,640935.0,3341445.0,323.10028076171875
1360,1628,639945.0,3339885.0,324.91864013671875
1455,1070,623205.0,3337035.0,317.1050720214844
1449,1044,622425.0,3337215.0,326.4465026855469
1431,1041,622335.0,3337755.0,325.3971862792969
308,1309,630375.0,3371445.0,325.7970886230469
339,1284,629625.0,3370515.0,321.9347229003906
338,1215,627555.0,3370545.0,326.9489440917969
1417,1419,633675.0,3338175.0,323.02508544921875
1412,1489,635775.0,3338325.0,319.7471923828125
1354,1408,633345.0,3340065.0,325.7868347167969
220,162,595965.0,3374085.0,321.6749572753906
264,130,595005.0,3372765.0,312.40869140625
248,154,595725.0,3373245.0,322.1295471191406
1560,1196,626985.0,3333885.0,324.37176513671875
1634,1125,624855.0,3331665.0,326.5592956542969
1655,1196,626985.0,3331035.0,324.66912841796875
1059,988,620745.0,3348915.0,322.0338439941406
1109,926,618885.0,3347415.0,325.01776123046875
1104,933,619095.0,3347565.0,321.5074768066406
1313,1717,642615.0,3341295.0,323.26776123046875
1310,1719,642675.0,3341385.0,327.871826171875
1355,1755,643755.0,3340035.0,324.36151123046875
700,906,618285.0,3359685.0,319.8907470703125
680,911,618435.0,3360285.0,320.0753173828125
699,931,619035.0,3359715.0,319.8736572265625
419,1114,624525.0,3368115.0,322.6627502441406
479,1102,624165.0,3366315.0,321.5860900878906
503,1149,625575.0,3365595.0,325.2057800292969
557,43,592395.0,3363975.0,322.4166564941406
609,44,592425.0,3362415.0,322.2560119628906
591,19,591675.0,3362955.0,319.4361572265625
1211,1014,621525.0,3344355.0,322.6969299316406
1193,1013,621495.0,3344895.0,326.6549987792969
1265,1021,621735.0,3342735.0,325.9816589355469
858,1013,621495.0,3354945.0,324.07781982421875
860,976,620385.0,3354885.0,318.8960876464844
1213,876,617385.0,3344295.0,322.2936096191406
1199,884,617625.0,3344715.0,323.23016357421875
1267,953,619695.0,3342675.0,325.4997253417969
294,1526,636885.0,3371865.0,322.0372619628906
354,1578,638445.0,3370065.0,322.5909729003906
680,1642,640365.0,3360285.0,325.6569519042969
709,1652,640665.0,3359415.0,322.4679260253906
660,1647,640515.0,3360885.0,324.64862060546875
559,1003,621195.0,3363915.0,314.3638000488281
559,986,620685.0,3363915.0,322.0304260253906
594,938,619245.0,3362865.0,321.7262268066406
463,1528,636945.0,3366795.0,322.5943908691406
471,1451,634635.0,3366555.0,321.9005432128906
474,1495,635955.0,3366465.0,321.8219299316406
1279,752,613665.0,3342315.0,319.2481689453125
1265,819,615675.0,3342735.0,319.8223876953125
1296,717,612615.0,3341805.0,319.4771728515625
835,261,598935.0,3355635.0,321.9313049316406
837,274,599325.0,3355575.0,322.2081604003906
982,1755,643755.0,3351225.0,321.1861877441406
1191,299,600075.0,3344955.0,317.9048767089844
1241,297,600015.0,3343455.0,321.4562072753906
1223,281,599535.0,3343995.0,320.3966064453125
140,1564,638025.0,3376485.0,325.4484558105469
73,1500,636105.0,3378495.0,318.8653259277344
13,1599,639075.0,3380295.0,321.5792541503906
883,1005,621255.0,3354195.0,323.37713623046875
881,1002,621165.0,3354255.0,322.6217346191406
826,938,619245.0,3355905.0,320.6700439453125
661,1325,630855.0,3360855.0,324.60760498046875
614,1245,628455.0,3362265.0,321.3536682128906
657,1299,630075.0,3360975.0,318.2193298339844
1245,464,605025.0,3343335.0,322.9498596191406
1287,515,606555.0,3342075.0,320.3248291015625
1517,853,616695.0,3335175.0,317.5733337402344
1490,829,615975.0,3335985.0,325.9714050292969
1546,778,614445.0,3334305.0,322.9566955566406
419,1402,633165.0,3368115.0,322.5431213378906
430,1395,632955.0,3367785.0,321.9483947753906
461,1395,632955.0,3366855.0,322.7687072753906
234,710,612405.0,3373665.0,322.3995666503906
223,731,613035.0,3373995.0,322.3209533691406
210,1309,630375.0,3374385.0,325.4655456542969
293,1297,630015.0,3371895.0,324.70330810546875
1078,1512,636465.0,3348345.0,321.2682189941406
1090,1508,636345.0,3347985.0,325.7697448730469
1061,1502,636165.0,3348855.0,322.2149963378906
1088,1421,633735.0,3348045.0,321.0939025878906
1087,1417,633615.0,3348075.0,322.4474182128906
426,1312,630465.0,3367905.0,325.0964050292969
415,1280,629505.0,3368235.0,321.8185119628906
436,1301,630135.0,3367605.0,320.8067626953125
273,1194,626925.0,3372495.0,325.00750732421875
336,1186,626685.0,3370605.0,325.2775573730469
313,1206,627285.0,3371295.0,319.4293212890625
1200,1497,636015.0,3344685.0,323.97869873046875
1143,1460,634905.0,3346395.0,319.4429931640625
1147,1432,634065.0,3346275.0,315.71392822265625
597,1039,622275.0,3362775.0,312.51806640625
600,1035,622155.0,3362685.0,323.68133544921875
600,1061,622935.0,3362685.0,323.39422607421875
1492,976,620385.0,3335925.0,322.0646057128906
1453,1039,622275.0,3337095.0,325.7184753417969
1415,979,620475.0,3338235.0,321.2955627441406
1337,1188,626745.0,3340575.0,318.9713134765625
1389,1177,626415.0,3339015.0,322.7550354003906
1403,1134,625125.0,3338595.0,314.6714172363281
1670,313,600495.0,3330585.0,321.2032775878906
258,1260,628905.0,3372945.0,324.68621826171875
191,1302,630165.0,3374955.0,324.52899169921875
318,1291,629835.0,3371145.0,324.89129638671875
1552,1427,633915.0,3334125.0,316.46588134765625
1545,1359,631875.0,3334335.0,324.06072998046875
1473,1364,632025.0,3336495.0,323.84539794921875
589,1718,642645.0,3363015.0,317.3887634277344
628,1653,640695.0,3361845.0,325.3971862792969
592,1685,641655.0,3362925.0,318.6944274902344
881,1180,626505.0,3354255.0,323.11053466796875
896,1193,626895.0,3353805.0,323.80438232421875
896,1203,627195.0,3353805.0,319.9044189453125
354,1183,626595.0,3370065.0,323.54803466796875
423,1154,625725.0,3367995.0,324.13250732421875
484,1164,626025.0,3366165.0,324.19061279296875
1504,915,618555.0,3335565.0,319.4498291015625
1545,924,618825.0,3334335.0,325.3630065917969
1546,849,616575.0,3334305.0,325.2126159667969
1476,915,618555.0,3336405.0,325.4963073730469
1471,934,619125.0,3336555.0,321.9723205566406
1478,926,618885.0,3336345.0,323.47283935546875
513,1072,623265.0,3365295.0,316.60943603515625
611,1121,624735.0,3362355.0,324.00946044921875
560,1134,625125.0,3363885.0,320.0206298828125
510,1208,627345.0,3365385.0,324.85028076171875
488,1164,626025.0,3366045.0,325.7355651855469
492,1111,624435.0,3365925.0,324.73065185546875
379,1173,626295.0,3369315.0,322.6012268066406
323,1200,627105.0,3370995.0,323.18231201171875
328,1196,626985.0,3370845.0,327.424072265625
790,351,601635.0,3356985.0,316.66754150390625
848,354,601725.0,3355245.0,314.7739562988281
804,295,599955.0,3356565.0,321.5929260253906
987,1129,624975.0,3351075.0,320.5606689453125
951,1120,624705.0,3352155.0,327.417236328125
970,1121,624735.0,3351585.0,320.4512939453125
1507,600,609105.0,3335475.0,316.79742431640625
1489,633,610095.0,3336015.0,324.65203857421875
1469,612,609465.0,3336615.0,321.5484924316406
418,1443,634395.0,3368145.0,324.92889404296875
425,1465,635055.0,3367935.0,320.2188720703125
431,1419,633675.0,3367755.0,321.4117736816406
417,1020,621705.0,3368175.0,318.2945251464844
435,967,620115.0,3367635.0,320.7862548828125
448,1048,622545.0,3367245.0,320.0137939453125
1301,988,620745.0,3341655.0,327.0685729980469
1309,1052,622665.0,3341415.0,316.70172119140625
1275,1006,621285.0,3342435.0,325.6637878417969
930,1267,629115.0,3352785.0,317.8501892089844
1021,1301,630135.0,3350055.0,317.2657165527344
913,1267,629115.0,3353295.0,320.4342041015625
227,945,619455.0,3373875.0,323.42840576171875
240,904,618225.0,3373485.0,320.9400634765625
1226,919,618675.0,3343905.0,326.4054870605469
1206,905,618255.0,3344505.0,325.6774597167969
1224,844,616425.0,3343965.0,320.7486572265625
258,627,609915.0,3372945.0,322.9737854003906
222,678,611445.0,3374025.0,323.14129638671875
228,645,610455.0,3373845.0,322.2252502441406
52,1419,633675.0,3379125.0,320.4273681640625
58,1395,632955.0,3378945.0,324.21795654296875
90,1340,631305.0,3377985.0,327.410400390625
1669,476,605385.0,3330615.0,323.56512451171875
1645,569,608175.0,3331335.0,319.5045166015625
653,693,611895.0,3361095.0,314.6406555175781
615,674,611325.0,3362235.0,315.02691650390625
588,717,612615.0,3363045.0,321.2340393066406
1577,997,621015.0,3333375.0,322.5328674316406
1584,986,620685.0,3333165.0,322.7311096191406
1336,1485,635655.0,3340605.0,325.6740417480469
1331,1482,635565.0,3340755.0,323.75653076171875
1368,1474,635325.0,3339645.0,327.653076171875
651,1625,639855.0,3361155.0,315.63873291015625
733,1591,638835.0,3358695.0,319.1934814453125
678,1618,639645.0,3360345.0,322.7550354003906
1176,1379,632475.0,3345405.0,326.9045104980469
1199,1394,632925.0,3344715.0,324.61785888671875
1203,1371,632235.0,3344595.0,322.8370666503906
1514,1332,631065.0,3335265.0,321.4391174316406
1458,1356,631785.0,3336945.0,317.2554626464844
1490,1291,629835.0,3335985.0,322.4986877441406
1430,1705,642255.0,3337785.0,323.36004638671875
1512,1715,642555.0,3335325.0,328.801513671875
1498,1682,641565.0,3335745.0,327.205322265625
1514,682,611565.0,3335265.0,320.2427978515625
1479,731,613035.0,3336315.0,319.4019775390625
1475,662,610965.0,3336435.0,325.2570495605469
1199,858,616845.0,3344715.0,325.2023620605469
1190,844,616425.0,3344985.0,324.57684326171875
1202,842,616365.0,3344625.0,325.1374206542969
1298,1019,621675.0,3341745.0,324.79559326171875
1299,1026,621885.0,3341715.0,321.7945861816406
1280,1040,622305.0,3342285.0,323.26776123046875
427,1488,635745.0,3367875.0,322.1363830566406
369,1541,637335.0,3369615.0,323.87615966796875
372,1433,634095.0,3369525.0,322.8712463378906
253,1346,631485.0,3373095.0,323.71893310546875
137,1373,632295.0,3376575.0,317.9527282714844
424,1386,632685.0,3367965.0,321.8116760253906
383,1367,632115.0,3369195.0,317.1563415527344
508,1336,631185.0,3365445.0,324.52215576171875
149,1607,639315.0,3376215.0,315.52593994140625
102,1546,637485.0,3377625.0,323.51043701171875
106,1545,637455.0,3377505.0,322.4918518066406
133,838,616245.0,3376695.0,326.4977722167969
154,780,614505.0,3376065.0,321.6305236816406
203,847,616515.0,3374595.0,317.8570251464844
1143,1285,629655.0,3346395.0,322.1363830566406
1148,1269,629175.0,3346245.0,321.6647033691406
135,1051,622635.0,3376635.0,320.7554931640625
103,1089,623775.0,3377595.0,317.2691345214844
97,1100,624105.0,3377775.0,323.10369873046875
925,105,594255.0,3352935.0,319.3199462890625
901,106,594285.0,3353655.0,318.9815673828125
800,1563,637995.0,3356685.0,322.4029846191406
834,1549,637575.0,3355665.0,311.25341796875
831,1522,636765.0,3355755.0,319.3677978515625
559,1522,636765.0,3363915.0,317.0572204589844
478,1530,637005.0,3366345.0,317.2076110839844
1252,1196,626985.0,3343125.0,324.08123779296875
1215,1226,627885.0,3344235.0,319.0089111328125
1323,1203,627195.0,3340995.0,325.7663269042969
1432,1422,633765.0,3337725.0,320.7076416015625
1400,1391,632835.0,3338685.0,324.86737060546875
1369,1342,631365.0,3339615.0,322.1979064941406
256,1074,623325.0,3373005.0,320.1778564453125
290,1037,622215.0,3371985.0,320.8956298828125
288,1090,623805.0,3372045.0,321.5826721191406
1136,1163,625995.0,3346605.0,321.1212463378906
1183,1133,625095.0,3345195.0,324.14617919921875
1112,1146,625485.0,3347325.0,325.8586120605469
1170,1727,642915.0,3345585.0,321.3810119628906
1164,1757,643815.0,3345765.0,323.52752685546875
1139,1748,643545.0,3346515.0,320.4205322265625
1663,591,608835.0,3330795.0,323.92059326171875
1659,608,609345.0,3330915.0,319.6788330078125
172,1532,637065.0,3375525.0,324.41961669921875
153,1540,637305.0,3376095.0,319.9180908203125
135,1567,638115.0,3376635.0,324.16326904296875
987,1056,622785.0,3351075.0,324.71014404296875
1002,1104,624225.0,3350625.0,317.7305603027344
1032,1031,622035.0,3349725.0,324.54949951171875
421,1457,634815.0,3368055.0,318.0347595214844
317,1398,633045.0,3371175.0,325.9030456542969
400,1413,633495.0,3368685.0,322.7926330566406
322,1153,625695.0,3371025.0,326.0807800292969
297,1179,626475.0,3371775.0,324.59735107421875
953,1372,632265.0,3352095.0,322.6319885253906
948,1373,632295.0,3352245.0,321.7945861816406
482,923,618795.0,3366225.0,318.3594665527344
452,907,618315.0,3367125.0,321.1998596191406
1213,567,608115.0,3344295.0,320.4239501953125
1255,592,608865.0,3343035.0,314.7226867675781
1298,967,620115.0,3341745.0,323.55828857421875
1275,979,620475.0,3342435.0,326.8190612792969
1317,959,619875.0,3341175.0,320.0377197265625
1233,1302,630165.0,3343695.0,308.8197937011719
1304,1319,630675.0,3341565.0,325.03143310546875
1300,1317,630615.0,3341685.0,325.6945495605469
520,1234,628125.0,3365085.0,324.73065185546875
494,1224,627825.0,3365865.0,323.74969482421875
525,1203,627195.0,3364935.0,323.54803466796875
268,1296,629985.0,3372645.0,326.3405456542969
329,1296,629985.0,3370815.0,322.8507385253906
649,1051,622635.0,3361215.0,324.44354248046875
617,1097,624015.0,3362175.0,324.24188232421875
660,1054,622725.0,3360885.0,323.97186279296875
1398,724,612825.0,3338745.0,323.50360107421875
1360,753,613695.0,3339885.0,324.71014404296875
1317,795,614955.0,3341175.0,319.4771728515625
230,1322,630765.0,3373785.0,325.9406433105469
201,1368,632145.0,3374655.0,322.5773010253906
196,1299,630075.0,3374805.0,325.1271667480469
244,1328,630945.0,3373365.0,322.5567932128906
239,1328,630945.0,3373515.0,323.57879638671875
243,1382,632565.0,3373395.0,324.55975341796875
68,1663,640995.0,3378645.0,324.25555419921875
91,1575,638355.0,3377955.0,319.8052978515625
94,1588,638745.0,3377865.0,319.6104736328125
77,595,608955.0,3378375.0,322.8233947753906
43,573,608295.0,3379395.0,318.0757751464844
81,632,610065.0,3378255.0,321.4220275878906
160,1608,639345.0,3375885.0,316.01812744140625
169,1606,639285.0,3375615.0,317.4947204589844
202,1644,640425.0,3374625.0,319.9727783203125
1548,1412,633465.0,3334245.0,322.9942932128906
1548,1484,635625.0,3334245.0,321.1451721191406
1550,1476,635385.0,3334185.0,321.7638244628906
334,817,615615.0,3370665.0,325.3561706542969
275,825,615855.0,3372435.0,322.4576721191406
245,789,614775.0,3373335.0,320.5640869140625
1125,1497,636015.0,3346935.0,326.2756042480469
1129,1525,636855.0,3346815.0,324.38201904296875
1160,1475,635355.0,3345885.0,317.8912048339844
142,724,612825.0,3376425.0,320.7623291015625
160,702,612165.0,3375885.0,322.0304260253906
166,708,612345.0,3375705.0,321.6373596191406
238,1133,625095.0,3373545.0,323.26092529296875
255,1135,625155.0,3373035.0,320.1778564453125
212,1175,626355.0,3374325.0,325.6432800292969
1554,1654,640725.0,3334065.0,322.2970275878906
1576,1713,642495.0,3333405.0,321.3058166503906
1594,1656,640785.0,3332865.0,320.6871337890625
1138,1335,631155.0,3346545.0,311.98486328125
1114,1351,631635.0,3347265.0,318.3936462402344
1112,1399,633075.0,3347325.0,322.6969299316406
115,903,618195.0,3377235.0,322.0680236816406
127,837,616215.0,3376875.0,329.3860168457031
74,876,617385.0,3378465.0,319.8292236328125
925,1267,629115.0,3352935.0,311.90625
923,1243,628395.0,3352995.0,322.6354064941406
899,1246,628485.0,3353715.0,321.5553283691406
51,756,613785.0,3379155.0,322.0646057128906
42,755,613755.0,3379425.0,319.4259033203125
1211,854,616725.0,3344355.0,323.02508544921875
1281,857,616815.0,3342255.0,324.81268310546875
1229,833,616095.0,3343815.0,321.1588439941406
1193,19,591675.0,3344895.0,325.9030456542969
1209,73,593295.0,3344415.0,318.6123962402344
1193,22,591765.0,3344895.0,325.9440612792969
666,1182,626565.0,3360705.0,323.57196044921875
640,1135,625155.0,3361485.0,325.0861511230469
671,1182,626565.0,3360555.0,322.6593322753906
1004,271,599235.0,3350565.0,320.1402587890625
1059,332,601065.0,3348915.0,316.84185791015625
1074,361,601935.0,3348465.0,319.8394775390625
192,866,617085.0,3374925.0,319.1148681640625
159,915,618555.0,3375915.0,322.6764221191406
208,920,618705.0,3374445.0,324.12908935546875
496,1104,624225.0,3365805.0,322.4815979003906
564,1091,623835.0,3363765.0,320.2701416015625
437,1094,623925.0,3367575.0,317.9048767089844
289,1333,631095.0,3372015.0,324.44012451171875
269,1359,631875.0,3372615.0,324.65545654296875
308,1370,632205.0,3371445.0,324.99383544921875
1506,1325,630855.0,3335505.0,316.72906494140625
1488,1272,629265.0,3336045.0,323.57196044921875
1471,1262,628965.0,3336555.0,323.0045471191406
1131,1005,621255.0,3346755.0,318.0860290527344
1183,1008,621345.0,3345195.0,325.4826354980469
1121,923,618795.0,3347055.0,318.8550720214844
921,361,601935.0,3353055.0,322.7003479003906
956,316,600585.0,3352005.0,322.8131408691406
1454,1163,625995.0,3337065.0,322.5533752441406
1495,1144,625425.0,3335835.0,323.82147216796875
1542,1134,625125.0,3334425.0,323.11053466796875
1308,1026,621885.0,3341445.0,324.91180419921875
1346,1025,621855.0,3340305.0,314.2031555175781
1313,972,620265.0,3341295.0,322.3346252441406
36,1584,638625.0,3379605.0,323.69842529296875
6,1518,636645.0,3380505.0,322.4884338378906
399,142,595365.0,3368715.0,320.9913635253906
423,165,596055.0,3367995.0,322.3106994628906
1636,1014,621525.0,3331605.0,324.34442138671875
1561,1054,622725.0,3333855.0,321.6852111816406
1620,1056,622785.0,3332085.0,325.2297058105469
537,1231,628035.0,3364575.0,322.5670471191406
444,1242,628365.0,3367365.0,324.30682373046875
470,1201,627135.0,3366585.0,315.81988525390625
313,1108,624345.0,3371295.0,325.03143310546875
254,1163,625995.0,3373065.0,326.0158386230469
294,1167,626115.0,3371865.0,323.48992919921875
56,1591,638835.0,3379005.0,322.5841369628906
95,1533,637095.0,3377835.0,323.36004638671875
45,1565,638055.0,3379335.0,323.94110107421875
1552,1625,639855.0,3334125.0,316.20611572265625
1511,1617,639615.0,3335355.0,323.0113830566406
1478,1614,639525.0,3336345.0,319.3438720703125
1067,1113,624495.0,3348675.0,321.3878479003906
1031,1107,624315.0,3349755.0,323.63690185546875
1059,1143,625395.0,3348915.0,322.6422424316406
954,134,595125.0,3352065.0,319.5933837890625
975,90,593805.0,3351435.0,319.3985595703125
947,120,594705.0,3352275.0,321.5758361816406
531,1073,623295.0,3364755.0,325.4689636230469
502,1082,623565.0,3365625.0,323.47283935546875
524,1023,621795.0,3364965.0,322.0646057128906
1131,1585,638655.0,3346755.0,314.4389953613281
1147,1473,635295.0,3346275.0,315.03375244140625
1163,1490,635805.0,3345795.0,321.8356018066406
1621,57,592815.0,3332055.0,325.2502136230469
1679,58,592845.0,3330315.0,317.0435485839844
1630,62,592965.0,3331785.0,321.6100158691406
1456,288,599745.0,3337005.0,320.3555908203125
1496,324,600825.0,3335805.0,316.21295166015625
1098,60,592905.0,3347745.0,320.2257080078125
1059,100,594105.0,3348915.0,320.4547119140625
1029,148,595545.0,3349815.0,319.5421142578125
569,39,592275.0,3363615.0,323.32586669921875
609,17,591615.0,3362415.0,324.17010498046875
854,994,620925.0,3355065.0,320.4307861328125
838,957,619815.0,3355545.0,319.9727783203125
867,990,620805.0,3354675.0,320.3658447265625
1613,1237,628215.0,3332295.0,321.6065979003906
1629,1259,628875.0,3331815.0,328.032470703125
1610,1242,628365.0,3332385.0,323.07293701171875
674,1702,642165.0,3360465.0,324.80926513671875
695,1681,641535.0,3359835.0,320.1060791015625
666,1654,640725.0,3360705.0,325.6227722167969
1323,1536,637185.0,3340995.0,318.0894470214844
1428,1569,638175.0,3337845.0,322.1944885253906
1381,1599,639075.0,3339255.0,317.3306579589844
1639,1404,633225.0,3331515.0,325.8893737792969
1605,1369,632175.0,3332535.0,326.8327331542969
1601,1406,633285.0,3332655.0,330.1584777832031
1305,1210,627405.0,3341535.0,325.4040222167969
1324,1240,628305.0,3340965.0,324.63494873046875
1262,1192,626865.0,3342825.0,324.49822998046875
347,1003,621195.0,3370275.0,314.6064758300781
281,962,619965.0,3372255.0,320.3111572265625
330,918,618645.0,3370785.0,325.5339050292969
1238,682,611565.0,3343545.0,322.4850158691406
1346,752,613665.0,3340305.0,321.1896057128906
1650,638,610245.0,3331185.0,322.3858947753906
1646,589,608775.0,3331305.0,319.8155517578125
419,1362,631965.0,3368115.0,322.0440979003906
429,1323,630795.0,3367815.0,324.62127685546875
428,1301,630135.0,3367845.0,323.51043701171875
227,1159,625875.0,3373875.0,325.8517761230469
286,1147,625515.0,3372105.0,325.1134948730469
358,1133,625095.0,3369945.0,323.37371826171875
69,448,604545.0,3378615.0,320.5401611328125
28,489,605775.0,3379845.0,319.0260009765625
79,381,602535.0,3378315.0,316.41802978515625
793,33,592095.0,3356895.0,321.9244689941406
780,97,594015.0,3357285.0,324.85369873046875
767,74,593325.0,3357675.0,320.3282470703125
358,838,616245.0,3369945.0,320.0513916015625
382,794,614925.0,3369225.0,318.6465759277344
396,1534,637125.0,3368805.0,319.3165283203125
421,1558,637845.0,3368055.0,323.71893310546875
300,1567,638115.0,3371685.0,323.49334716796875
802,1141,625335.0,3356625.0,322.3448791503906
921,1099,624075.0,3353055.0,316.73590087890625
839,1062,622965.0,3355515.0,319.4122314453125
52,870,617205.0,3379125.0,318.3081970214844
78,889,617775.0,3378345.0,317.3750915527344
79,925,618855.0,3378315.0,321.6510314941406
1438,975,620355.0,3337545.0,312.8735656738281
1464,909,618375.0,3336765.0,323.63690185546875
1471,925,618855.0,3336555.0,323.72576904296875
1200,1008,621345.0,3344685.0,324.93572998046875
1158,991,620835.0,3345945.0,321.3126525878906
1184,945,619455.0,3345165.0,324.43328857421875
622,1745,643455.0,3362025.0,319.7608642578125
500,1754,643725.0,3365685.0,317.7134704589844
60,1072,623265.0,3378885.0,316.18902587890625
10,1062,622965.0,3380385.0,316.82476806640625
1186,749,613575.0,3345105.0,323.74969482421875
1192,782,614565.0,3344925.0,330.2370910644531
1176,828,615945.0,3345405.0,327.0446472167969
1487,1039,622275.0,3336075.0,324.68280029296875
1523,1009,621375.0,3334995.0,319.9796142578125
1515,963,619995.0,3335235.0,322.4098205566406
709,1063,622995.0,3359415.0,322.5431213378906
697,1028,621945.0,3359775.0,324.92205810546875
1535,936,619185.0,3334635.0,326.9762878417969
1578,933,619095.0,3333345.0,323.91033935546875
1539,929,618975.0,3334515.0,324.67938232421875
1210,849,616575.0,3344385.0,321.6373596191406
1175,909,618375.0,3345435.0,319.7882080078125
1140,929,618975.0,3346485.0,321.0904846191406
1189,1677,641415.0,3345015.0,318.8995056152344
1208,1641,640335.0,3344445.0,313.7622375488281
1204,1656,640785.0,3344565.0,314.4663391113281
1503,945,619455.0,3335595.0,320.9298095703125
1456,973,620295.0,3337005.0,328.281982421875
1413,998,621045.0,3338295.0,316.09332275390625
1189,1009,621375.0,3345015.0,325.5339050292969
1195,1002,621165.0,3344835.0,323.19256591796875
1237,950,619605.0,3343575.0,327.287353515625
6,1677,641415.0,3380505.0,323.39764404296875
82,1645,640455.0,3378225.0,325.05194091796875
9,1683,641595.0,3380415.0,325.7389831542969
489,1312,630465.0,3366015.0,318.3081970214844
541,1322,630765.0,3364455.0,323.46258544921875
496,1317,630615.0,3365805.0,317.1871032714844
134,1323,630795.0,3376665.0,320.6153564453125
111,1333,631095.0,3377355.0,323.58905029296875
123,1249,628575.0,3376995.0,326.5934753417969
1312,1229,627975.0,3341325.0,325.5885925292969
1305,1128,624945.0,3341535.0,324.94598388671875
1333,1170,626205.0,3340695.0,321.3399963378906
1255,1532,637065.0,3343035.0,319.8907470703125
1197,1507,636315.0,3344775.0,324.79559326171875
1478,1381,632535.0,3336345.0,321.4972229003906
1470,1336,631185.0,3336585.0,327.136962890625
1512,1355,631755.0,3335325.0,325.2570495605469
199,737,613215.0,3374715.0,324.67938232421875
122,710,612405.0,3377025.0,324.01971435546875
197,773,614295.0,3374775.0,319.4361572265625
1304,897,618015.0,3341565.0,326.0226745605469
1298,834,616125.0,3341745.0,324.08123779296875
1429,1572,638265.0,3337815.0,321.4186096191406
1416,1567,638115.0,3338205.0,325.2399597167969
1469,1577,638415.0,3336615.0,316.05230712890625
753,108,594345.0,3358095.0,323.39422607421875
718,149,595575.0,3359145.0,318.4209899902344
720,140,595305.0,3359085.0,315.21832275390625
505,1185,626655.0,3365535.0,317.7237243652344
483,1164,626025.0,3366195.0,324.61102294921875
552,1222,627765.0,3364125.0,324.75457763671875
726,1314,630525.0,3358905.0,320.1231689453125
712,1204,627225.0,3359325.0,324.36151123046875
633,1291,629835.0,3361695.0,325.5099792480469
1177,1663,640995.0,3345375.0,319.5797119140625
1125,1634,640125.0,3346935.0,322.2696838378906
1101,1632,640065.0,3347655.0,321.4425354003906
1040,641,610335.0,3349485.0,315.12261962890625
1080,663,610995.0,3348285.0,323.03192138671875
1075,668,611145.0,3348435.0,321.2784729003906
957,1174,626325.0,3351975.0,318.4996032714844
1027,1201,627135.0,3349875.0,320.4239501953125
940,1176,626385.0,3352485.0,322.9293518066406
616,1191,626835.0,3362205.0,318.2295837402344
623,1167,626115.0,3361995.0,323.15838623046875
554,1161,625935.0,3364065.0,315.77886962890625
464,1250,628605.0,3366765.0,317.1768493652344
481,1208,627345.0,3366255.0,329.115966796875
447,1202,627165.0,3367275.0,324.93231201171875
817,1116,624585.0,3356175.0,324.49481201171875
833,1121,624735.0,3355695.0,324.22821044921875
829,1093,623895.0,3355815.0,325.2638854980469
442,838,616245.0,3367425.0,314.1347961425781
405,869,617175.0,3368535.0,321.7159729003906
412,926,618885.0,3368325.0,318.7730407714844
1632,462,604965.0,3331725.0,324.58709716796875
1641,504,606225.0,3331455.0,325.0793151855469
1594,1092,623865.0,3332865.0,325.6125183105469
1616,1144,625425.0,3332205.0,324.46063232421875
1590,1222,627765.0,3332985.0,324.07098388671875
1357,1508,636345.0,3339975.0,322.0030822753906
1366,1437,634215.0,3339705.0,324.08807373046875
1312,1474,635325.0,3341325.0,326.3849792480469
447,1594,638925.0,3367275.0,314.96197509765625
428,1529,636975.0,3367845.0,321.6715393066406
370,1570,638205.0,3369585.0,320.2462158203125
595,1045,622455.0,3362835.0,323.15838623046875
613,1054,622725.0,3362295.0,324.85369873046875
580,1063,622995.0,3363285.0,323.77362060546875
25,1509,636375.0,3379935.0,321.1656799316406
61,1537,637215.0,3378855.0,324.29315185546875
23,1526,636885.0,3379995.0,320.8511962890625
1590,1492,635865.0,3332985.0,328.517822265625
1640,1466,635085.0,3331485.0,324.89129638671875
1596,1498,636045.0,3332805.0,320.8580322265625
854,191,596835.0,3355065.0,321.8253479003906
897,171,596235.0,3353775.0,328.579345703125
890,188,596745.0,3353985.0,322.8028869628906
884,1070,623205.0,3354165.0,320.8272705078125
871,1100,624105.0,3354555.0,320.3385009765625
868,1096,623985.0,3354645.0,320.6734619140625
1077,755,613755.0,3348375.0,315.37554931640625
1054,792,614865.0,3349065.0,319.0157470703125
1326,1556,637785.0,3340905.0,320.4239501953125
1351,1598,639045.0,3340155.0,318.4585876464844
1360,1591,638835.0,3339885.0,318.1133728027344
1662,1201,627135.0,3330825.0,326.5866394042969
1667,1204,627225.0,3330675.0,328.876708984375
1393,1391,632835.0,3338895.0,325.5578308105469
1396,1399,633075.0,3338805.0,325.9303894042969
1410,1483,635595.0,3338385.0,323.29510498046875
1469,154,595725.0,3336615.0,317.8091735839844
1522,191,596835.0,3335025.0,322.9635314941406
1434,114,594525.0,3337665.0,318.5474548339844
1378,1276,629385.0,3339345.0,323.98211669921875
1376,1285,629655.0,3339405.0,318.7354431152344
1356,1248,628545.0,3340005.0,325.2604675292969
1266,270,599205.0,3342705.0,321.9518127441406
1280,366,602085.0,3342285.0,322.8780822753906
1253,287,599715.0,3343095.0,319.7164306640625
270,1217,627615.0,3372585.0,326.2550964355469
251,1250,628605.0,3373155.0,327.465087890625
260,1210,627405.0,3372885.0,324.90838623046875
16,996,620985.0,3380205.0,322.2491760253906
77,1009,621375.0,3378375.0,319.6002197265625
182,590,608805.0,3375225.0,312.74365234375
171,539,607275.0,3375555.0,323.62322998046875
213,565,608055.0,3374295.0,313.5298156738281
52,800,615105.0,3379125.0,317.6929626464844
1189,933,619095.0,3345015.0,322.4508361816406
1142,955,619755.0,3346425.0,320.5059814453125
1125,906,618285.0,3346935.0,326.0602722167969
95,1666,641085.0,3377835.0,325.1818542480469
130,1681,641535.0,3376785.0,327.635986328125
125,1683,641595.0,3376935.0,327.154052734375
233,854,616725.0,3373695.0,317.7818298339844
223,843,616395.0,3373995.0,318.8379821777344
264,832,616065.0,3372765.0,325.8073425292969
1168,1573,638295.0,3345645.0,320.7452392578125
1098,1662,640965.0,3347745.0,323.05926513671875
1162,1632,640065.0,3345825.0,315.97711181640625
1330,406,603285.0,3340785.0,320.5640869140625
1274,341,601335.0,3342465.0,320.6734619140625
1276,366,602085.0,3342405.0,324.82293701171875
218,1170,626205.0,3374145.0,326.0090026855469
81,1191,626835.0,3378255.0,323.96160888671875
176,1205,627255.0,3375405.0,321.2306213378906
368,1325,630855.0,3369645.0,325.2946472167969
347,1317,630615.0,3370275.0,316.03863525390625
322,1314,630525.0,3371025.0,324.80926513671875
1449,141,595335.0,3337215.0,314.8183898925781
1490,236,598185.0,3335985.0,319.8360595703125
519,24,591825.0,3365115.0,318.2637634277344
1177,1317,630615.0,3345375.0,318.4517517089844
1216,1368,632145.0,3344205.0,326.7712097167969
1197,1348,631545.0,3344775.0,322.9190979003906
1375,1734,643125.0,3339435.0,322.9430236816406
1398,1720,642705.0,3338745.0,322.4952697753906
1301,1711,642435.0,3341655.0,314.3501281738281
1643,1410,633405.0,3331395.0,327.328369140625
1592,1393,632895.0,3332925.0,321.2648010253906
1592,1417,633615.0,3332925.0,322.0714416503906
1468,1229,627975.0,3336645.0,327.0446472167969
1429,1243,628395.0,3337815.0,325.8517761230469
1523,1223,627795.0,3334995.0,323.53094482421875
511,1164,626025.0,3365355.0,324.47430419921875
478,1107,624315.0,3366345.0,320.3692626953125
508,1163,625995.0,3365445.0,323.56512451171875
437,1274,629325.0,3367575.0,323.61639404296875
321,1294,629925.0,3371055.0,325.8586120605469
425,1282,629565.0,3367935.0,322.8507385253906
1138,1056,622785.0,3346545.0,321.5245666503906
1155,1042,622365.0,3346035.0,328.575927734375
1174,1007,621315.0,3345465.0,324.33758544921875
1386,800,615105.0,3339105.0,326.2106628417969
1389,838,616245.0,3339015.0,320.6221923828125
1587,1136,625185.0,3333075.0,323.10369873046875
1506,1120,624705.0,3335505.0,325.6398620605469
1519,1143,625395.0,3335115.0,324.42645263671875
1304,789,614775.0,3341565.0,322.1432189941406
1283,841,616335.0,3342195.0,325.2126159667969
1287,789,614775.0,3342075.0,324.23162841796875
734,260,598905.0,3358665.0,320.0684814453125
738,191,596835.0,3358545.0,320.4649658203125
658,244,598425.0,3360945.0,319.7984619140625
105,65,593055.0,3377535.0,314.88336181640625
189,19,591675.0,3375015.0,315.74810791015625
169,81,593535.0,3375615.0,319.6412353515625
108,1649,640575.0,3377445.0,322.7687072753906
65,1610,639405.0,3378735.0,325.1340026855469
88,1617,639615.0,3378045.0,324.66571044921875
1033,1135,625155.0,3349695.0,326.5011901855469
1059,1147,625515.0,3348915.0,325.3083190917969
1021,1116,624585.0,3350055.0,322.3346252441406
1177,1645,640455.0,3345375.0,324.61785888671875
1134,1620,639705.0,3346665.0,327.800048828125
1118,1632,640065.0,3347145.0,327.875244140625
457,153,595695.0,3366975.0,320.5709228515625
497,227,597915.0,3365775.0,315.82330322265625
441,177,596415.0,3367455.0,321.3092346191406
1571,158,595845.0,3333555.0,322.8644104003906
1659,89,593775.0,3330915.0,324.27264404296875
1608,97,594015.0,3332445.0,321.6681213378906
240,1361,631935.0,3373485.0,328.565673828125
183,1329,630975.0,3375195.0,319.2789306640625
209,1361,631935.0,3374415.0,324.13934326171875
275,1178,626445.0,3372435.0,327.184814453125
224,1104,624225.0,3373965.0,316.27105712890625
195,1217,627615.0,3374835.0,324.53924560546875
1563,609,609375.0,3333795.0,325.8346862792969
1621,564,608025.0,3332055.0,320.6597900390625
94,993,620895.0,3377865.0,320.5435791015625
92,968,620145.0,3377925.0,323.14813232421875
76,982,620565.0,3378405.0,317.2862243652344
158,1319,630675.0,3375945.0,316.23345947265625
133,1232,628065.0,3376695.0,311.60205078125
214,1241,628335.0,3374265.0,325.03485107421875
779,1337,631215.0,3357315.0,323.34637451171875
733,1304,630225.0,3358695.0,317.7681579589844
668,1299,630075.0,3360645.0,319.4874267578125
1610,1082,623565.0,3332385.0,321.5690002441406
1638,1154,625725.0,3331545.0,324.34100341796875
1616,1125,624855.0,3332205.0,324.20086669921875
1380,937,619215.0,3339285.0,325.1716003417969
1388,908,618345.0,3339045.0,324.14276123046875
1372,929,618975.0,3339525.0,323.33612060546875
103,595,608955.0,3377595.0,319.4566650390625
40,578,608445.0,3379485.0,320.9571533203125
135,544,607425.0,3376635.0,317.0811462402344
167,995,620955.0,3375675.0,323.16180419921875
110,983,620595.0,3377385.0,319.2755126953125
163,995,620955.0,3375795.0,323.38397216796875
1314,897,618015.0,3341265.0,322.7345275878906
1353,889,617775.0,3340095.0,323.26776123046875
1341,897,618015.0,3340455.0,329.1672668457031
1378,1300,630105.0,3339345.0,314.6440734863281
1367,1274,629325.0,3339675.0,325.2467956542969
1410,1286,629685.0,3338385.0,326.7780456542969
71,1589,638775.0,3378555.0,321.0289611816406
78,1540,637305.0,3378345.0,324.40936279296875
93,1554,637725.0,3377895.0,319.3472900390625
1394,1547,637515.0,3338865.0,321.2135314941406
1382,1564,638025.0,3339225.0,324.98699951171875
1564,1044,622425.0,3333765.0,321.4117736816406
1613,1006,621285.0,3332295.0,324.91180419921875
1542,932,619065.0,3334425.0,325.3459167480469
562,1088,623745.0,3363825.0,319.6104736328125
574,1117,624615.0,3363465.0,326.3747253417969
550,1127,624915.0,3364185.0,322.7345275878906
977,833,616095.0,3351375.0,317.7373962402344
1046,850,616605.0,3349305.0,321.6305236816406
469,1195,626955.0,3366615.0,318.8584899902344
490,1215,627555.0,3365985.0,324.53240966796875
482,1194,626925.0,3366225.0,315.57037353515625
454,1041,622335.0,3367065.0,322.5089416503906
456,1059,622875.0,3367005.0,319.0977783203125
390,1045,622455.0,3368985.0,319.1934814453125
1096,1457,634815.0,3347805.0,320.5162353515625
1081,1444,634425.0,3348255.0,323.71209716796875
1063,1395,632955.0,3348795.0,315.73443603515625
455,1544,637425.0,3367035.0,323.93084716796875
476,1555,637755.0,3366405.0,324.21795654296875
535,1600,639105.0,3364635.0,319.2447509765625
398,1293,629895.0,3368745.0,322.3858947753906
443,1331,631035.0,3367395.0,325.00067138671875
454,1317,630615.0,3367065.0,325.2091979980469
1584,86,593685.0,3333165.0,325.4484558105469
1588,87,593715.0,3333045.0,323.32244873046875
1626,51,592635.0,3331905.0,325.3664245605469
41,590,608805.0,3379455.0,320.4273681640625
127,612,609465.0,3376875.0,322.7174377441406
83,579,608475.0,3378195.0,324.21795654296875
546,1211,627435.0,3364305.0,325.2091979980469
582,1206,627285.0,3363225.0,323.28143310546875
470,1218,627645.0,3366585.0,323.70184326171875
1341,1660,640905.0,3340455.0,321.5177307128906
1282,1616,639585.0,3342225.0,324.69647216796875
1266,1601,639135.0,3342705.0,317.8433532714844
774,188,596745.0,3357465.0,324.16668701171875
771,188,596745.0,3357555.0,324.84002685546875
779,200,597105.0,3357315.0,317.0948181152344
1112,1178,626445.0,3347325.0,323.74285888671875
1137,1144,625425.0,3346575.0,317.5391540527344
1093,1191,626835.0,3347895.0,323.80096435546875
858,33,592095.0,3354945.0,320.8204345703125
895,45,592455.0,3353835.0,314.3569641113281
124,1580,638505.0,3376965.0,323.14471435546875
141,1595,638955.0,3376455.0,327.0719909667969
184,1551,637635.0,3375165.0,326.4465026855469
493,1343,631395.0,3365895.0,325.3151550292969
492,1303,630195.0,3365925.0,317.8330993652344
478,1283,629595.0,3366345.0,324.62469482421875
187,824,615825.0,3375075.0,318.0005798339844
178,811,615435.0,3375345.0,319.8531494140625
177,770,614205.0,3375375.0,321.8219299316406
1387,1034,622125.0,3339075.0,312.6240234375
1331,1023,621795.0,3340755.0,326.7541198730469
1323,1056,622785.0,3340995.0,314.4253234863281
1597,1129,624975.0,3332775.0,323.39080810546875
1580,1145,625455.0,3333285.0,322.0646057128906
1642,1123,624795.0,3331425.0,327.454833984375
1487,1143,625395.0,3336075.0,321.5792541503906
1478,1145,625455.0,3336345.0,321.4527893066406
1105,1151,625635.0,3347535.0,325.3014831542969
1143,1169,626175.0,3346395.0,322.1158752441406
269,1522,636765.0,3372615.0,322.7071838378906
308,1570,638205.0,3371445.0,324.13592529296875
334,1511,636435.0,3370665.0,324.89129638671875
411,1129,624975.0,3368355.0,323.61981201171875
433,1089,623775.0,3367695.0,316.84185791015625
391,1162,625965.0,3368955.0,323.36346435546875
1172,252,598665.0,3345525.0,325.6569519042969
1164,275,599355.0,3345765.0,319.4566650390625
1246,251,598635.0,3343305.0,316.71881103515625
237,728,612945.0,3373575.0,323.34979248046875
240,729,612975.0,3373485.0,323.41131591796875
237,724,612825.0,3373575.0,322.3722229003906
1058,289,599775.0,3348945.0,317.0127868652344
1073,181,596535.0,3348495.0,316.18218994140625
327,1594,638925.0,3370875.0,323.66082763671875
316,1595,638955.0,3371205.0,323.72235107421875
334,1615,639555.0,3370665.0,321.8663635253906
1006,139,595275.0,3350505.0,318.4244079589844
947,92,593865.0,3352275.0,319.9693603515625
966,57,592815.0,3351705.0,322.4576721191406
194,1627,639915.0,3374865.0,319.4908447265625
159,1663,640995.0,3375915.0,322.9122619628906
152,1698,642045.0,3376125.0,321.5450744628906
1567,967,620115.0,3333675.0,323.72576904296875
1584,933,619095.0,3333165.0,323.31561279296875
1555,885,617655.0,3334035.0,320.7042236328125
1596,1364,632025.0,3332805.0,324.79559326171875
1611,1341,631335.0,3332355.0,324.01287841796875
1565,1378,632445.0,3333735.0,323.58221435546875
384,973,620295.0,3369165.0,324.06414794921875
342,1035,622155.0,3370425.0,316.81793212890625
355,1027,621915.0,3370035.0,317.7886657714844
92,1068,623145.0,3377925.0,324.70330810546875
96,1083,623595.0,3377805.0,324.86053466796875
91,1034,622125.0,3377955.0,320.7760009765625
694,1102,624165.0,3359865.0,325.6774597167969
663,1114,624525.0,3360795.0,321.3946838378906
730,1125,624855.0,3358785.0,320.4888916015625
1043,987,620715.0,3349395.0,323.16864013671875
1087,1016,621585.0,3348075.0,326.0978698730469
1020,1009,621375.0,3350085.0,327.694091796875
1277,812,615465.0,3342375.0,317.9322204589844
1252,793,614895.0,3343125.0,322.4781799316406
1244,798,615045.0,3343365.0,322.0030822753906
1503,1390,632805.0,3335595.0,324.46746826171875
1508,1489,635775.0,3335445.0,321.5929260253906
1523,1353,631695.0,3334995.0,324.29998779296875
1417,1641,640335.0,3338175.0,320.9913635253906
1335,1691,641835.0,3340635.0,319.4771728515625
1403,1670,641205.0,3338595.0,316.34283447265625
1371,1176,626385.0,3339555.0,325.1545104980469
1399,1225,627855.0,3338715.0,325.0827331542969
1432,1276,629385.0,3337725.0,323.14471435546875
359,1552,637665.0,3369915.0,320.4273681640625
290,1546,637485.0,3371985.0,323.82147216796875
362,1557,637815.0,3369825.0,315.31744384765625
595,1661,640935.0,3362835.0,319.5694580078125
666,1734,643125.0,3360705.0,321.1930236816406
631,1611,639435.0,3361755.0,323.0011291503906
1251,708,612345.0,3343155.0,324.10858154296875
1292,647,610515.0,3341925.0,320.7896728515625
1633,954,619725.0,3331695.0,324.03680419921875
1625,956,619785.0,3331935.0,323.58221435546875
1633,957,619815.0,3331695.0,325.6432800292969
172,1273,629295.0,3375525.0,323.63006591796875
116,1235,628155.0,3377205.0,323.75311279296875
178,1337,631215.0,3375345.0,323.20965576171875
1373,1389,632775.0,3339495.0,326.3132019042969
1367,1357,631815.0,3339675.0,325.2467956542969
1424,1395,632955.0,3337965.0,323.59246826171875
1496,1264,629025.0,3335805.0,323.43865966796875
1434,1262,628965.0,3337665.0,322.0065002441406
1446,1170,626205.0,3337305.0,322.1398010253906
419,1740,643305.0,3368115.0,319.3267822265625
301,1164,626025.0,3371655.0,324.98358154296875
314,1119,624675.0,3371265.0,323.35321044921875
306,1146,625485.0,3371505.0,323.10711669921875
1640,1017,621615.0,3331485.0,323.43865966796875
1606,975,620355.0,3332505.0,323.32928466796875
1422,1704,642225.0,3338025.0,320.0992431640625
1329,1719,642675.0,3340815.0,319.5865478515625
1368,1735,643155.0,3339645.0,327.417236328125
1598,1244,628425.0,3332745.0,322.7823791503906
1576,1248,628545.0,3333405.0,323.26434326171875
1608,1244,628425.0,3332445.0,323.14129638671875
513,1352,631665.0,3365295.0,322.1329650878906
496,1429,633975.0,3365805.0,319.7813720703125
437,1408,633345.0,3367575.0,320.3145751953125
584,23,591795.0,3363165.0,318.0142517089844
666,13,591495.0,3360705.0,318.3047790527344
611,8,591345.0,3362355.0,321.5963439941406
1514,1298,630045.0,3335265.0,324.78875732421875
1513,1297,630015.0,3335295.0,325.3732604980469
1463,1358,631845.0,3336795.0,316.65728759765625
192,231,598035.0,3374925.0,314.8423156738281
227,144,595425.0,3373875.0,317.2896423339844
174,215,597555.0,3375465.0,312.80517578125
782,1093,623895.0,3357225.0,320.6358642578125
785,1086,623685.0,3357135.0,321.5553283691406
871,1119,624675.0,3354555.0,326.4977722167969
272,17,591615.0,3372525.0,322.0816955566406
237,45,592455.0,3373575.0,316.66754150390625
311,1361,631935.0,3371355.0,323.76336669921875
212,1308,630345.0,3374325.0,327.571044921875
307,1270,629205.0,3371475.0,324.68280029296875
1138,882,617565.0,3346545.0,322.4884338378906
1116,966,620085.0,3347205.0,322.4781799316406
1075,910,618405.0,3348435.0,318.6841735839844
1538,157,595815.0,3334545.0,317.9629821777344
1519,209,597375.0,3335115.0,323.96160888671875
1524,268,599145.0,3334965.0,322.3141174316406
306,1633,640095.0,3371505.0,318.8311462402344
284,1610,639405.0,3372165.0,323.34637451171875
303,1552,637665.0,3371595.0,318.8140563964844
635,1591,638835.0,3361635.0,316.49664306640625
642,1582,638565.0,3361425.0,315.81304931640625
668,1668,641145.0,3360645.0,323.36688232421875
1621,168,596145.0,3332055.0,317.1016540527344
1629,208,597345.0,3331815.0,318.2022399902344
964,122,594765.0,3351765.0,320.3555908203125
994,104,594225.0,3350865.0,325.4006042480469
996,91,593835.0,3350805.0,320.9366455078125
1584,1396,632985.0,3333165.0,319.9044189453125
1659,1424,633825.0,3330915.0,325.4245300292969
1565,1600,639105.0,3333735.0,317.7442321777344
1580,1581,638535.0,3333285.0,324.63836669921875
302,1499,636075.0,3371625.0,319.0430908203125
281,1442,634365.0,3372255.0,320.9810791015625
314,1564,638025.0,3371265.0,323.29852294921875
246,914,618525.0,3373305.0,322.0235900878906
309,866,617085.0,3371415.0,319.3609619140625
334,872,617265.0,3370665.0,318.4620056152344
1580,1457,634815.0,3333285.0,324.98699951171875
1554,1499,636075.0,3334065.0,325.4552917480469
1544,1517,636615.0,3334365.0,326.2243347167969
848,1086,623685.0,3355245.0,323.72576904296875
845,1135,625155.0,3355335.0,324.49481201171875
828,1098,624045.0,3355845.0,325.1818542480469
550,1148,625545.0,3364185.0,314.7944641113281
559,1137,625215.0,3363915.0,317.9185485839844
888,1126,624885.0,3354045.0,321.4425354003906
883,1125,624855.0,3354195.0,321.7193908691406
478,1125,624855.0,3366345.0,326.3815612792969
490,1117,624615.0,3365985.0,324.29315185546875
436,1122,624765.0,3367605.0,320.5709228515625
337,1064,623025.0,3370575.0,322.9737854003906
276,1159,625875.0,3372405.0,324.73065185546875
329,1080,623505.0,3370815.0,324.37176513671875
833,1464,635025.0,3355695.0,323.46258544921875
765,1438,634245.0,3357735.0,316.47955322265625
41,1092,623865.0,3379455.0,320.7349853515625
59,1059,622875.0,3378915.0,320.0103759765625
50,1045,622455.0,3379185.0,321.4972229003906
1046,303,600195.0,3349305.0,323.77020263671875
1060,314,600525.0,3348885.0,315.73101806640625
1062,308,600345.0,3348825.0,317.6997985839844
985,1178,626445.0,3351135.0,321.0084533691406
961,1141,625335.0,3351855.0,326.7951354980469
974,1150,625605.0,3351465.0,314.4458312988281
868,1013,621495.0,3354645.0,322.7003479003906
925,989,620775.0,3352935.0,324.32391357421875
846,1005,621255.0,3355305.0,323.77703857421875
1606,1487,635715.0,3332505.0,322.0885314941406
1551,1526,636885.0,3334155.0,324.67596435546875
1554,1583,638595.0,3334065.0,322.1090393066406
1295,883,617595.0,3341835.0,325.5578308105469
1350,947,619515.0,3340185.0,322.3175354003906
1288,866,617085.0,3342045.0,322.5773010253906
1074,781,614535.0,3348465.0,322.4371643066406
1062,791,614835.0,3348825.0,319.5899658203125
1039,797,615015.0,3349515.0,329.1775207519531
1201,708,612345.0,3344655.0,322.8131408691406
1187,713,612495.0,3345075.0,317.6451110839844
1217,761,613935.0,3344175.0,320.6905517578125
449,1553,637695.0,3367215.0,323.81463623046875
490,1571,638235.0,3365985.0,325.1750183105469
441,1566,638085.0,3367455.0,324.68280029296875
1666,1062,622965.0,3330705.0,327.454833984375
496,1172,626265.0,3365805.0,323.87615966796875
564,1184,626625.0,3363765.0,313.8340148925781
466,1208,627345.0,3366705.0,323.19256591796875
802,1073,623295.0,3356625.0,323.72235107421875
780,1074,623325.0,3357285.0,323.29852294921875
800,1041,622335.0,3356685.0,321.3775939941406
1677,398,603045.0,3330375.0,325.03143310546875
1666,420,603705.0,3330705.0,326.0636901855469
1579,443,604395.0,3333315.0,320.7554931640625
64,1656,640785.0,3378765.0,324.46746826171875
29,1674,641325.0,3379815.0,324.32391357421875
14,1674,641325.0,3380265.0,322.8233947753906
606,1020,621705.0,3362505.0,333.13214111328125
596,1054,622725.0,3362805.0,323.52069091796875
648,1011,621435.0,3361245.0,324.25897216796875
1586,917,618615.0,3333105.0,325.2878112792969
1614,981,620535.0,3332265.0,324.28973388671875
1626,972,620265.0,3331905.0,324.96649169921875
1638,443,604395.0,3331545.0,318.7525329589844
1672,442,604365.0,3330525.0,325.02459716796875
1674,474,605325.0,3330465.0,322.4952697753906
1387,1451,634635.0,3339075.0,327.208740234375
1376,1393,632895.0,3339405.0,325.5475769042969
1228,991,620835.0,3343845.0,327.307861328125
1267,957,619815.0,3342675.0,325.4211120605469
1244,930,619005.0,3343365.0,328.613525390625
1432,1475,635355.0,3337725.0,318.6021423339844
1472,1493,635895.0,3336525.0,323.83172607421875
1425,1474,635325.0,3337935.0,322.9430236816406
1350,681,611535.0,3340185.0,324.08807373046875
1395,720,612705.0,3338835.0,325.1100769042969
1380,664,611025.0,3339285.0,322.5978088378906
1411,1380,632505.0,3338355.0,326.6994323730469
1383,1386,632685.0,3339195.0,329.051025390625
434,1201,627135.0,3367665.0,324.65203857421875
384,1169,626175.0,3369165.0,323.02508544921875
412,1245,628455.0,3368325.0,325.9782409667969
1358,1632,640065.0,3339945.0,322.6080627441406
1440,1706,642285.0,3337485.0,323.49334716796875
1591,1480,635505.0,3332955.0,326.3063659667969
1635,1474,635325.0,3331635.0,323.21307373046875
1547,1458,634845.0,3334275.0,322.3688049316406
1605,1480,635505.0,3332535.0,325.05194091796875
1642,1435,634155.0,3331425.0,324.11541748046875
1544,178,596445.0,3334365.0,321.8766174316406
1550,216,597585.0,3334185.0,322.6935119628906
38,1388,632745.0,3379545.0,320.1812744140625
26,1416,633585.0,3379905.0,317.0538024902344
41,1440,634305.0,3379455.0,321.0187072753906
853,1110,624405.0,3355095.0,324.16326904296875
857,1123,624795.0,3354975.0,322.4815979003906
867,1114,624525.0,3354675.0,326.7438659667969
67,1714,642525.0,3378675.0,324.99725341796875
28,1715,642555.0,3379845.0,325.3014831542969
225,1210,627405.0,3373935.0,324.08807373046875
196,1118,624645.0,3374805.0,319.7574462890625
216,1152,625665.0,3374205.0,325.5715026855469
721,1406,633285.0,3359055.0,323.38055419921875
654,1410,633405.0,3361065.0,321.4254455566406
757,1460,634905.0,3357975.0,318.1748962402344
1206,1342,631365.0,3344505.0,324.71014404296875
1202,1259,628875.0,3344625.0,321.8800354003906
1210,1336,631185.0,3344385.0,322.8404846191406
845,1208,627345.0,3355335.0,322.7037658691406
826,1242,628365.0,3355905.0,320.5709228515625
804,1249,628575.0,3356565.0,325.4484558105469
228,1480,635505.0,3373845.0,317.7579040527344
200,1491,635835.0,3374685.0,322.6354064941406
256,1508,636345.0,3373005.0,322.8439025878906
192,1186,626685.0,3374925.0,323.27117919921875
203,1166,626085.0,3374595.0,323.70526123046875
192,1182,626565.0,3374925.0,322.7516174316406
779,72,593265.0,3357315.0,324.25897216796875
798,8,591345.0,3356745.0,317.6792907714844
892,1167,626115.0,3353925.0,323.86590576171875
905,1145,625455.0,3353535.0,321.8629455566406
902,1153,625695.0,3353625.0,321.8561096191406
193,1270,629205.0,3374895.0,323.64715576171875
205,1299,630075.0,3374535.0,323.35662841796875
251,1292,629865.0,3373155.0,324.12567138671875
986,928,618945.0,3351105.0,322.7413635253906
1008,977,620415.0,3350445.0,320.6119384765625
1502,1435,634155.0,3335625.0,325.6022644042969
1513,1451,634635.0,3335295.0,326.8634948730469
1526,1473,635295.0,3334905.0,318.1885681152344
1418,899,618075.0,3338145.0,323.14813232421875
1400,905,618255.0,3338685.0,316.81109619140625
1377,881,617535.0,3339375.0,318.0074157714844
1320,1125,624855.0,3341085.0,321.0255432128906
1348,1187,626715.0,3340245.0,317.2212829589844
1305,1146,625485.0,3341535.0,324.89471435546875
792,270,599205.0,3356925.0,321.6168518066406
780,251,598635.0,3357285.0,320.4512939453125
792,250,598605.0,3356925.0,322.6764221191406
1236,955,619755.0,3343605.0,326.1252136230469
1216,978,620445.0,3344205.0,323.31219482421875
1241,967,620115.0,3343455.0,323.98895263671875
769,95,593955.0,3357615.0,324.42303466796875
746,86,593685.0,3358305.0,327.0651550292969
762,120,594705.0,3357825.0,326.5934753417969
1005,1110,624405.0,3350535.0,321.5484924316406
989,1102,624165.0,3351015.0,322.6695861816406
1023,1117,624615.0,3349995.0,322.9566955566406
47,651,610635.0,3379275.0,322.4064025878906
42,675,611355.0,3379425.0,323.45233154296875
42,716,612585.0,3379425.0,319.9693603515625
1340,1689,641775.0,3340485.0,318.5508728027344
1270,1645,640455.0,3342585.0,323.33612060546875
1304,1650,640605.0,3341565.0,321.1007385253906
582,722,612765.0,3363225.0,321.0357971191406
577,783,614595.0,3363375.0,313.1948547363281
574,737,613215.0,3363465.0,316.83160400390625
48,1253,628695.0,3379245.0,323.75311279296875
7,1183,626595.0,3380475.0,322.9566955566406
567,1663,640995.0,3363675.0,319.1251220703125
550,1683,641595.0,3364185.0,320.6290283203125
1667,293,599895.0,3330675.0,320.9468994140625
1582,245,598455.0,3333225.0,321.7125549316406
1655,221,597735.0,3331035.0,319.2720947265625
1179,938,619245.0,3345315.0,320.5948486328125
1222,855,616755.0,3344025.0,323.12420654296875
1237,878,617445.0,3343575.0,322.1842346191406
989,1198,627045.0,3351015.0,320.6119384765625
1023,1161,625935.0,3349995.0,320.0753173828125
1006,1139,625275.0,3350505.0,316.67437744140625
1595,878,617445.0,3332835.0,324.12567138671875
1379,991,620835.0,3339315.0,319.8223876953125
1325,920,618705.0,3340935.0,324.29656982421875
1391,1023,621795.0,3338955.0,318.3628845214844
843,38,592245.0,3355395.0,322.0372619628906
851,79,593475.0,3355155.0,323.81805419921875
851,62,592965.0,3355155.0,324.27947998046875
1301,722,612765.0,3341655.0,318.5816345214844
1261,742,613365.0,3342855.0,316.9922790527344
1290,1608,639345.0,3341985.0,323.07977294921875
1326,1612,639465.0,3340905.0,323.55487060546875
1343,1624,639825.0,3340395.0,326.3029479980469
1107,568,608145.0,3347475.0,323.09344482421875
1086,582,608565.0,3348105.0,317.2349548339844
1133,503,606195.0,3346695.0,321.6134338378906
1581,755,613755.0,3333255.0,324.02996826171875
1617,745,613455.0,3332175.0,320.0479736328125
1595,775,614355.0,3332835.0,324.00946044921875
63,1332,631065.0,3378795.0,319.7335205078125
53,1306,630285.0,3379095.0,324.93572998046875
26,1303,630195.0,3379905.0,318.1031188964844
219,1311,630435.0,3374115.0,327.759033203125
214,1303,630195.0,3374265.0,325.5270690917969
218,1305,630255.0,3374145.0,327.201904296875
1528,257,598815.0,3334845.0,324.69989013671875
1529,233,598095.0,3334815.0,318.7251892089844
1538,260,598905.0,3334545.0,320.8272705078125
18,1136,625185.0,3380145.0,321.3365783691406
17,1079,623475.0,3380175.0,319.0704345703125
32,1155,625755.0,3379725.0,322.4508361816406
158,1497,636015.0,3375945.0,314.6782531738281
169,1509,636375.0,3375615.0,324.03338623046875
200,1518,636645.0,3374685.0,323.68817138671875
402,1204,627225.0,3368625.0,323.11737060546875
402,1161,625935.0,3368625.0,324.52215576171875
417,1151,625635.0,3368175.0,325.0622253417969
1641,602,609165.0,3331455.0,324.71014404296875
1659,630,610005.0,3330915.0,323.62322998046875
1651,595,608955.0,3331155.0,323.87274169921875
